LegalComplianceID,VisaStatus,ComplianceTraining,BackgroundCheck
1,Not Required,Pending,Clear
2,Not Required,Completed,Clear
3,Not Required,Completed,Flagged
4,Expired,Pending,Clear
5,Valid,Completed,Clear
6,Expired,Completed,Clear
7,Expired,Completed,Clear
8,Valid,Completed,Clear
9,Valid,Completed,Flagged
10,Not Required,Completed,Flagged
11,Expired,Completed,Flagged
12,Not Required,Pending,Clear
13,Expired,Pending,Clear
14,Valid,Pending,Flagged
15,Expired,Pending,Clear
16,Valid,Completed,Flagged
17,Expired,Completed,Clear
18,Valid,Completed,Flagged
19,Not Required,Pending,Clear
20,Not Required,Pending,Clear
21,Not Required,Pending,Clear
22,Expired,Pending,Flagged
23,Expired,Completed,Clear
24,Expired,Completed,Flagged
25,Not Required,Pending,Clear
26,Expired,Completed,Clear
27,Not Required,Pending,Flagged
28,Not Required,Completed,Clear
29,Not Required,Completed,Flagged
30,Expired,Completed,Clear
31,Valid,Completed,Flagged
32,Valid,Pending,Clear
33,Not Required,Pending,Clear
34,Valid,Completed,Flagged
35,Not Required,Completed,Clear
36,Expired,Completed,Flagged
37,Expired,Completed,Flagged
38,Valid,Completed,Flagged
39,Expired,Pending,Flagged
40,Expired,Completed,Flagged
41,Expired,Completed,Flagged
42,Valid,Pending,Clear
43,Not Required,Completed,Clear
44,Not Required,Completed,Clear
45,Not Required,Completed,Clear
46,Not Required,Completed,Flagged
47,Valid,Pending,Flagged
48,Not Required,Pending,Clear
49,Expired,Completed,Flagged
50,Valid,Pending,Flagged
51,Expired,Pending,Flagged
52,Valid,Completed,Clear
53,Expired,Completed,Clear
54,Valid,Completed,Clear
55,Expired,Completed,Flagged
56,Valid,Pending,Clear
57,Valid,Completed,Flagged
58,Not Required,Completed,Clear
59,Expired,Completed,Flagged
60,Not Required,Completed,Flagged
61,Expired,Completed,Clear
62,Valid,Completed,Clear
63,Not Required,Completed,Clear
64,Not Required,Completed,Flagged
65,Valid,Completed,Flagged
66,Valid,Pending,Flagged
67,Expired,Completed,Flagged
68,Not Required,Completed,Clear
69,Not Required,Completed,Flagged
70,Valid,Pending,Flagged
71,Valid,Pending,Clear
72,Expired,Pending,Flagged
73,Valid,Pending,Flagged
74,Valid,Pending,Flagged
75,Expired,Pending,Clear
76,Valid,Pending,Flagged
77,Not Required,Completed,Flagged
78,Not Required,Completed,Clear
79,Expired,Pending,Flagged
80,Not Required,Pending,Clear
81,Not Required,Completed,Flagged
82,Expired,Pending,Flagged
83,Valid,Completed,Flagged
84,Not Required,Completed,Clear
85,Not Required,Pending,Flagged
86,Valid,Pending,Clear
87,Valid,Pending,Clear
88,Not Required,Completed,Flagged
89,Valid,Completed,Clear
90,Valid,Completed,Clear
91,Valid,Completed,Clear
92,Expired,Pending,Flagged
93,Not Required,Completed,Clear
94,Not Required,Pending,Flagged
95,Expired,Pending,Clear
96,Not Required,Completed,Clear
97,Expired,Completed,Flagged
98,Expired,Pending,Flagged
99,Valid,Pending,Clear
100,Expired,Pending,Clear
101,Expired,Pending,Flagged
102,Valid,Pending,Clear
103,Valid,Completed,Clear
104,Valid,Pending,Clear
105,Not Required,Pending,Flagged
106,Valid,Completed,Flagged
107,Valid,Completed,Clear
108,Not Required,Completed,Clear
109,Valid,Pending,Flagged
110,Valid,Pending,Flagged
111,Expired,Pending,Clear
112,Valid,Pending,Clear
113,Valid,Completed,Clear
114,Valid,Pending,Clear
115,Valid,Pending,Flagged
116,Valid,Pending,Flagged
117,Expired,Pending,Flagged
118,Expired,Pending,Flagged
119,Not Required,Completed,Clear
120,Not Required,Pending,Flagged
121,Not Required,Completed,Clear
122,Valid,Completed,Flagged
123,Not Required,Completed,Clear
124,Valid,Pending,Clear
125,Not Required,Completed,Clear
126,Not Required,Completed,Clear
127,Not Required,Pending,Flagged
128,Expired,Completed,Clear
129,Expired,Completed,Clear
130,Not Required,Pending,Flagged
131,Expired,Completed,Flagged
132,Expired,Pending,Clear
133,Expired,Completed,Clear
134,Expired,Completed,Clear
135,Valid,Pending,Clear
136,Not Required,Completed,Flagged
137,Valid,Pending,Flagged
138,Not Required,Pending,Flagged
139,Valid,Pending,Clear
140,Valid,Pending,Flagged
141,Expired,Pending,Clear
142,Valid,Completed,Flagged
143,Not Required,Completed,Flagged
144,Not Required,Completed,Flagged
145,Not Required,Pending,Clear
146,Valid,Completed,Flagged
147,Valid,Pending,Flagged
148,Valid,Pending,Clear
149,Valid,Completed,Flagged
150,Not Required,Pending,Clear
151,Expired,Completed,Flagged
152,Valid,Pending,Clear
153,Not Required,Completed,Flagged
154,Valid,Pending,Flagged
155,Expired,Pending,Clear
156,Expired,Completed,Clear
157,Not Required,Pending,Flagged
158,Not Required,Pending,Flagged
159,Expired,Pending,Clear
160,Expired,Completed,Clear
161,Valid,Completed,Flagged
162,Not Required,Pending,Clear
163,Expired,Pending,Clear
164,Valid,Pending,Clear
165,Valid,Completed,Clear
166,Valid,Pending,Flagged
167,Expired,Completed,Flagged
168,Expired,Pending,Clear
169,Valid,Pending,Clear
170,Not Required,Pending,Clear
171,Expired,Pending,Flagged
172,Not Required,Pending,Flagged
173,Expired,Pending,Flagged
174,Not Required,Pending,Flagged
175,Not Required,Pending,Clear
176,Not Required,Completed,Flagged
177,Not Required,Pending,Flagged
178,Expired,Completed,Clear
179,Not Required,Completed,Clear
180,Expired,Pending,Clear
181,Valid,Pending,Flagged
182,Expired,Pending,Clear
183,Valid,Completed,Clear
184,Valid,Completed,Clear
185,Not Required,Pending,Flagged
186,Expired,Pending,Flagged
187,Not Required,Pending,Clear
188,Valid,Completed,Clear
189,Valid,Completed,Clear
190,Expired,Completed,Clear
191,Expired,Pending,Clear
192,Not Required,Pending,Clear
193,Not Required,Pending,Flagged
194,Expired,Pending,Clear
195,Expired,Completed,Flagged
196,Valid,Completed,Flagged
197,Not Required,Completed,Clear
198,Valid,Pending,Clear
199,Expired,Pending,Flagged
200,Valid,Completed,Clear
201,Valid,Completed,Clear
202,Not Required,Pending,Flagged
203,Expired,Completed,Clear
204,Valid,Completed,Flagged
205,Not Required,Completed,Clear
206,Not Required,Pending,Clear
207,Expired,Completed,Flagged
208,Valid,Pending,Clear
209,Valid,Pending,Flagged
210,Not Required,Pending,Clear
211,Expired,Completed,Clear
212,Valid,Completed,Flagged
213,Not Required,Pending,Clear
214,Valid,Completed,Clear
215,Expired,Completed,Clear
216,Valid,Pending,Flagged
217,Not Required,Completed,Clear
218,Valid,Completed,Flagged
219,Expired,Completed,Clear
220,Valid,Pending,Flagged
221,Expired,Completed,Clear
222,Not Required,Completed,Flagged
223,Not Required,Pending,Flagged
224,Not Required,Completed,Flagged
225,Not Required,Pending,Clear
226,Valid,Pending,Clear
227,Expired,Completed,Flagged
228,Not Required,Completed,Clear
229,Valid,Pending,Clear
230,Valid,Pending,Clear
231,Valid,Pending,Clear
232,Expired,Pending,Clear
233,Valid,Pending,Clear
234,Expired,Completed,Flagged
235,Valid,Pending,Flagged
236,Expired,Pending,Clear
237,Valid,Completed,Flagged
238,Valid,Completed,Clear
239,Valid,Completed,Clear
240,Valid,Completed,Clear
241,Not Required,Pending,Flagged
242,Not Required,Pending,Clear
243,Not Required,Pending,Flagged
244,Valid,Completed,Flagged
245,Expired,Pending,Flagged
246,Valid,Pending,Clear
247,Expired,Completed,Flagged
248,Not Required,Pending,Flagged
249,Valid,Completed,Clear
250,Expired,Pending,Flagged
251,Not Required,Pending,Clear
252,Not Required,Completed,Clear
253,Not Required,Completed,Flagged
254,Valid,Pending,Clear
255,Valid,Pending,Clear
256,Expired,Pending,Flagged
257,Not Required,Completed,Clear
258,Valid,Completed,Clear
259,Not Required,Completed,Clear
260,Valid,Completed,Clear
261,Valid,Completed,Clear
262,Valid,Pending,Flagged
263,Not Required,Completed,Flagged
264,Not Required,Completed,Flagged
265,Not Required,Completed,Flagged
266,Not Required,Completed,Flagged
267,Valid,Completed,Clear
268,Valid,Pending,Flagged
269,Expired,Completed,Clear
270,Not Required,Pending,Clear
271,Not Required,Pending,Flagged
272,Expired,Completed,Flagged
273,Expired,Completed,Clear
274,Valid,Pending,Flagged
275,Expired,Completed,Flagged
276,Not Required,Completed,Clear
277,Expired,Pending,Flagged
278,Valid,Pending,Clear
279,Valid,Pending,Flagged
280,Expired,Completed,Flagged
281,Not Required,Pending,Clear
282,Expired,Pending,Flagged
283,Valid,Pending,Clear
284,Expired,Completed,Flagged
285,Expired,Pending,Clear
286,Valid,Completed,Clear
287,Valid,Completed,Clear
288,Not Required,Pending,Clear
289,Expired,Pending,Flagged
290,Valid,Completed,Clear
291,Not Required,Completed,Clear
292,Not Required,Completed,Flagged
293,Expired,Completed,Clear
294,Expired,Pending,Flagged
295,Valid,Completed,Clear
296,Expired,Pending,Clear
297,Valid,Pending,Clear
298,Expired,Pending,Flagged
299,Expired,Pending,Clear
300,Not Required,Pending,Flagged
301,Expired,Pending,Flagged
302,Expired,Pending,Flagged
303,Not Required,Completed,Clear
304,Valid,Pending,Clear
305,Expired,Completed,Clear
306,Expired,Completed,Flagged
307,Expired,Completed,Clear
308,Valid,Completed,Flagged
309,Expired,Pending,Flagged
310,Expired,Pending,Flagged
311,Not Required,Pending,Flagged
312,Valid,Completed,Clear
313,Valid,Completed,Clear
314,Expired,Completed,Flagged
315,Valid,Completed,Clear
316,Not Required,Completed,Clear
317,Expired,Pending,Clear
318,Expired,Pending,Flagged
319,Not Required,Completed,Flagged
320,Valid,Pending,Clear
321,Not Required,Pending,Clear
322,Valid,Pending,Flagged
323,Expired,Completed,Clear
324,Not Required,Pending,Clear
325,Valid,Completed,Flagged
326,Not Required,Pending,Flagged
327,Expired,Completed,Flagged
328,Expired,Completed,Clear
329,Expired,Pending,Clear
330,Valid,Pending,Flagged
331,Expired,Completed,Flagged
332,Not Required,Completed,Flagged
333,Expired,Completed,Clear
334,Valid,Pending,Flagged
335,Valid,Completed,Clear
336,Expired,Completed,Clear
337,Valid,Pending,Flagged
338,Expired,Pending,Clear
339,Expired,Pending,Flagged
340,Expired,Pending,Clear
341,Not Required,Completed,Flagged
342,Expired,Completed,Flagged
343,Valid,Completed,Flagged
344,Expired,Pending,Clear
345,Not Required,Pending,Flagged
346,Expired,Completed,Flagged
347,Expired,Completed,Clear
348,Valid,Completed,Flagged
349,Expired,Completed,Clear
350,Valid,Pending,Flagged
351,Valid,Pending,Clear
352,Not Required,Pending,Flagged
353,Not Required,Completed,Flagged
354,Not Required,Completed,Clear
355,Not Required,Pending,Clear
356,Not Required,Pending,Clear
357,Expired,Pending,Flagged
358,Expired,Completed,Flagged
359,Valid,Completed,Clear
360,Expired,Pending,Clear
361,Not Required,Pending,Clear
362,Not Required,Pending,Flagged
363,Valid,Pending,Flagged
364,Valid,Completed,Flagged
365,Valid,Pending,Clear
366,Expired,Pending,Flagged
367,Expired,Completed,Clear
368,Expired,Completed,Clear
369,Valid,Pending,Flagged
370,Expired,Pending,Clear
371,Expired,Pending,Flagged
372,Valid,Pending,Clear
373,Not Required,Pending,Clear
374,Not Required,Pending,Flagged
375,Not Required,Pending,Clear
376,Expired,Pending,Flagged
377,Not Required,Pending,Clear
378,Expired,Pending,Clear
379,Expired,Pending,Flagged
380,Expired,Pending,Flagged
381,Valid,Completed,Clear
382,Not Required,Completed,Clear
383,Not Required,Pending,Clear
384,Expired,Pending,Clear
385,Expired,Completed,Flagged
386,Expired,Pending,Flagged
387,Valid,Pending,Clear
388,Valid,Pending,Flagged
389,Not Required,Pending,Clear
390,Not Required,Completed,Clear
391,Expired,Completed,Flagged
392,Not Required,Pending,Clear
393,Expired,Pending,Flagged
394,Valid,Completed,Flagged
395,Valid,Completed,Flagged
396,Expired,Completed,Flagged
397,Valid,Completed,Clear
398,Valid,Completed,Flagged
399,Expired,Completed,Flagged
400,Not Required,Completed,Clear
401,Valid,Pending,Clear
402,Not Required,Pending,Clear
403,Valid,Completed,Flagged
404,Not Required,Completed,Clear
405,Not Required,Pending,Clear
406,Expired,Pending,Clear
407,Expired,Pending,Flagged
408,Valid,Pending,Flagged
409,Expired,Completed,Flagged
410,Valid,Completed,Clear
411,Valid,Pending,Clear
412,Expired,Pending,Flagged
413,Expired,Pending,Clear
414,Valid,Pending,Flagged
415,Valid,Pending,Clear
416,Valid,Completed,Flagged
417,Expired,Pending,Clear
418,Not Required,Completed,Flagged
419,Not Required,Completed,Clear
420,Not Required,Completed,Clear
421,Not Required,Pending,Flagged
422,Not Required,Pending,Flagged
423,Not Required,Pending,Clear
424,Expired,Completed,Flagged
425,Valid,Completed,Clear
426,Valid,Completed,Flagged
427,Not Required,Pending,Clear
428,Expired,Pending,Flagged
429,Expired,Pending,Clear
430,Expired,Pending,Flagged
431,Valid,Completed,Flagged
432,Expired,Pending,Flagged
433,Expired,Pending,Flagged
434,Not Required,Completed,Clear
435,Valid,Completed,Clear
436,Not Required,Completed,Clear
437,Valid,Pending,Flagged
438,Not Required,Completed,Clear
439,Valid,Completed,Clear
440,Expired,Pending,Clear
441,Not Required,Pending,Clear
442,Valid,Completed,Clear
443,Expired,Completed,Clear
444,Valid,Pending,Clear
445,Not Required,Completed,Flagged
446,Expired,Completed,Flagged
447,Valid,Completed,Flagged
448,Valid,Pending,Clear
449,Not Required,Pending,Clear
450,Expired,Pending,Clear
451,Valid,Pending,Clear
452,Not Required,Completed,Clear
453,Expired,Pending,Clear
454,Valid,Completed,Clear
455,Expired,Pending,Flagged
456,Valid,Completed,Clear
457,Not Required,Pending,Flagged
458,Not Required,Pending,Flagged
459,Valid,Completed,Flagged
460,Expired,Completed,Clear
461,Expired,Pending,Flagged
462,Not Required,Completed,Clear
463,Valid,Completed,Flagged
464,Valid,Completed,Flagged
465,Not Required,Pending,Clear
466,Expired,Pending,Flagged
467,Valid,Completed,Flagged
468,Valid,Completed,Clear
469,Expired,Pending,Clear
470,Valid,Pending,Flagged
471,Not Required,Completed,Flagged
472,Not Required,Completed,Flagged
473,Expired,Completed,Flagged
474,Valid,Pending,Flagged
475,Not Required,Pending,Clear
476,Valid,Completed,Flagged
477,Valid,Pending,Clear
478,Valid,Completed,Flagged
479,Expired,Pending,Flagged
480,Not Required,Completed,Clear
481,Not Required,Pending,Clear
482,Not Required,Completed,Clear
483,Not Required,Completed,Flagged
484,Valid,Completed,Clear
485,Not Required,Completed,Clear
486,Valid,Completed,Clear
487,Expired,Completed,Clear
488,Not Required,Completed,Clear
489,Not Required,Pending,Flagged
490,Not Required,Pending,Flagged
491,Not Required,Completed,Clear
492,Valid,Pending,Flagged
493,Valid,Completed,Flagged
494,Not Required,Completed,Flagged
495,Not Required,Completed,Flagged
496,Not Required,Pending,Clear
497,Valid,Completed,Clear
498,Not Required,Completed,Clear
499,Expired,Pending,Clear
500,Not Required,Pending,Flagged
501,Not Required,Pending,Flagged
502,Expired,Pending,Flagged
503,Expired,Pending,Flagged
504,Not Required,Completed,Clear
505,Expired,Pending,Flagged
506,Not Required,Pending,Clear
507,Expired,Pending,Flagged
508,Valid,Pending,Clear
509,Not Required,Pending,Flagged
510,Valid,Pending,Clear
511,Expired,Pending,Flagged
512,Valid,Pending,Clear
513,Not Required,Completed,Flagged
514,Valid,Completed,Flagged
515,Not Required,Pending,Flagged
516,Not Required,Completed,Clear
517,Expired,Completed,Clear
518,Not Required,Pending,Clear
519,Not Required,Pending,Clear
520,Valid,Pending,Clear
521,Valid,Pending,Flagged
522,Not Required,Pending,Clear
523,Valid,Pending,Clear
524,Valid,Completed,Clear
525,Valid,Completed,Clear
526,Valid,Completed,Flagged
527,Valid,Completed,Flagged
528,Expired,Pending,Clear
529,Expired,Pending,Flagged
530,Valid,Completed,Clear
531,Expired,Pending,Clear
532,Expired,Completed,Flagged
533,Not Required,Completed,Clear
534,Not Required,Completed,Flagged
535,Valid,Completed,Flagged
536,Valid,Pending,Flagged
537,Valid,Pending,Flagged
538,Valid,Completed,Flagged
539,Not Required,Pending,Flagged
540,Not Required,Completed,Clear
541,Valid,Pending,Flagged
542,Expired,Completed,Clear
543,Valid,Pending,Flagged
544,Not Required,Pending,Clear
545,Valid,Completed,Clear
546,Expired,Completed,Clear
547,Valid,Pending,Clear
548,Valid,Pending,Flagged
549,Not Required,Pending,Clear
550,Expired,Pending,Clear
551,Not Required,Completed,Flagged
552,Expired,Completed,Clear
553,Valid,Pending,Flagged
554,Expired,Pending,Clear
555,Not Required,Completed,Flagged
556,Not Required,Completed,Clear
557,Expired,Completed,Flagged
558,Not Required,Pending,Flagged
559,Expired,Pending,Clear
560,Valid,Completed,Flagged
561,Valid,Completed,Flagged
562,Not Required,Pending,Clear
563,Valid,Pending,Clear
564,Expired,Pending,Flagged
565,Valid,Pending,Flagged
566,Valid,Completed,Clear
567,Valid,Pending,Clear
568,Not Required,Pending,Flagged
569,Valid,Pending,Clear
570,Valid,Completed,Clear
571,Not Required,Completed,Clear
572,Valid,Completed,Flagged
573,Expired,Completed,Clear
574,Not Required,Completed,Flagged
575,Not Required,Pending,Flagged
576,Not Required,Completed,Clear
577,Valid,Completed,Clear
578,Valid,Completed,Flagged
579,Valid,Pending,Flagged
580,Not Required,Pending,Clear
581,Valid,Pending,Flagged
582,Not Required,Completed,Flagged
583,Not Required,Pending,Clear
584,Expired,Pending,Clear
585,Not Required,Completed,Clear
586,Valid,Pending,Clear
587,Valid,Pending,Flagged
588,Expired,Completed,Flagged
589,Not Required,Completed,Clear
590,Expired,Pending,Flagged
591,Valid,Pending,Flagged
592,Not Required,Completed,Clear
593,Not Required,Completed,Flagged
594,Not Required,Completed,Clear
595,Expired,Pending,Clear
596,Not Required,Pending,Flagged
597,Expired,Completed,Flagged
598,Valid,Completed,Clear
599,Not Required,Completed,Clear
600,Valid,Completed,Clear
601,Valid,Completed,Flagged
602,Not Required,Pending,Clear
603,Expired,Completed,Clear
604,Expired,Completed,Flagged
605,Valid,Pending,Clear
606,Expired,Pending,Flagged
607,Not Required,Completed,Clear
608,Not Required,Completed,Clear
609,Not Required,Completed,Flagged
610,Expired,Pending,Flagged
611,Not Required,Pending,Clear
612,Expired,Completed,Flagged
613,Expired,Pending,Clear
614,Expired,Completed,Clear
615,Expired,Completed,Clear
616,Not Required,Completed,Flagged
617,Valid,Completed,Clear
618,Not Required,Pending,Flagged
619,Valid,Pending,Flagged
620,Not Required,Pending,Flagged
621,Valid,Pending,Flagged
622,Not Required,Completed,Clear
623,Valid,Pending,Flagged
624,Not Required,Pending,Flagged
625,Valid,Pending,Flagged
626,Valid,Pending,Flagged
627,Not Required,Completed,Clear
628,Expired,Pending,Clear
629,Valid,Pending,Clear
630,Expired,Completed,Flagged
631,Valid,Pending,Flagged
632,Expired,Completed,Flagged
633,Not Required,Completed,Clear
634,Valid,Completed,Clear
635,Not Required,Pending,Clear
636,Valid,Pending,Clear
637,Valid,Completed,Flagged
638,Expired,Completed,Flagged
639,Expired,Pending,Clear
640,Not Required,Pending,Flagged
641,Expired,Completed,Flagged
642,Not Required,Pending,Clear
643,Valid,Completed,Flagged
644,Expired,Pending,Clear
645,Expired,Pending,Clear
646,Expired,Completed,Clear
647,Expired,Pending,Flagged
648,Expired,Pending,Flagged
649,Not Required,Completed,Flagged
650,Valid,Pending,Clear
651,Not Required,Pending,Flagged
652,Valid,Pending,Clear
653,Not Required,Pending,Flagged
654,Not Required,Completed,Flagged
655,Not Required,Completed,Clear
656,Expired,Completed,Flagged
657,Valid,Completed,Flagged
658,Not Required,Completed,Clear
659,Not Required,Completed,Clear
660,Not Required,Pending,Flagged
661,Valid,Completed,Flagged
662,Not Required,Completed,Flagged
663,Valid,Pending,Flagged
664,Valid,Completed,Flagged
665,Expired,Completed,Clear
666,Not Required,Pending,Flagged
667,Valid,Completed,Clear
668,Valid,Pending,Clear
669,Valid,Completed,Flagged
670,Valid,Pending,Flagged
671,Expired,Pending,Clear
672,Valid,Completed,Flagged
673,Not Required,Completed,Flagged
674,Not Required,Pending,Clear
675,Not Required,Completed,Clear
676,Expired,Pending,Clear
677,Not Required,Completed,Flagged
678,Valid,Pending,Flagged
679,Valid,Pending,Clear
680,Not Required,Completed,Flagged
681,Expired,Pending,Flagged
682,Valid,Pending,Clear
683,Not Required,Pending,Flagged
684,Expired,Pending,Flagged
685,Not Required,Pending,Flagged
686,Not Required,Completed,Clear
687,Not Required,Completed,Flagged
688,Expired,Pending,Clear
689,Valid,Pending,Clear
690,Expired,Completed,Flagged
691,Valid,Pending,Flagged
692,Not Required,Completed,Clear
693,Not Required,Pending,Clear
694,Expired,Pending,Flagged
695,Not Required,Pending,Clear
696,Expired,Pending,Clear
697,Expired,Completed,Flagged
698,Not Required,Completed,Flagged
699,Valid,Pending,Flagged
700,Expired,Completed,Flagged
701,Not Required,Pending,Clear
702,Valid,Pending,Clear
703,Valid,Completed,Clear
704,Expired,Completed,Clear
705,Expired,Pending,Clear
706,Valid,Completed,Clear
707,Valid,Completed,Flagged
708,Expired,Completed,Flagged
709,Not Required,Pending,Clear
710,Valid,Pending,Clear
711,Expired,Completed,Clear
712,Expired,Pending,Flagged
713,Expired,Pending,Flagged
714,Valid,Completed,Clear
715,Expired,Pending,Flagged
716,Not Required,Pending,Flagged
717,Valid,Pending,Flagged
718,Expired,Pending,Flagged
719,Valid,Pending,Clear
720,Expired,Pending,Flagged
721,Valid,Completed,Clear
722,Valid,Completed,Flagged
723,Expired,Completed,Flagged
724,Not Required,Pending,Flagged
725,Not Required,Completed,Clear
726,Valid,Completed,Clear
727,Expired,Pending,Clear
728,Not Required,Pending,Flagged
729,Expired,Pending,Flagged
730,Not Required,Completed,Flagged
731,Expired,Pending,Clear
732,Expired,Completed,Clear
733,Expired,Completed,Clear
734,Not Required,Completed,Flagged
735,Valid,Completed,Clear
736,Valid,Completed,Clear
737,Not Required,Pending,Flagged
738,Expired,Completed,Flagged
739,Expired,Pending,Clear
740,Valid,Pending,Clear
741,Not Required,Pending,Flagged
742,Expired,Pending,Flagged
743,Valid,Completed,Clear
744,Not Required,Completed,Flagged
745,Valid,Pending,Flagged
746,Not Required,Completed,Clear
747,Expired,Pending,Flagged
748,Expired,Pending,Flagged
749,Expired,Completed,Clear
750,Expired,Completed,Flagged
751,Expired,Completed,Clear
752,Valid,Completed,Flagged
753,Not Required,Completed,Clear
754,Valid,Completed,Clear
755,Valid,Pending,Flagged
756,Expired,Pending,Flagged
757,Valid,Completed,Flagged
758,Expired,Completed,Flagged
759,Expired,Pending,Clear
760,Expired,Completed,Clear
761,Valid,Completed,Clear
762,Valid,Completed,Flagged
763,Expired,Pending,Flagged
764,Valid,Completed,Flagged
765,Valid,Completed,Flagged
766,Not Required,Pending,Clear
767,Valid,Pending,Flagged
768,Valid,Completed,Clear
769,Valid,Completed,Flagged
770,Not Required,Completed,Flagged
771,Valid,Completed,Flagged
772,Not Required,Completed,Flagged
773,Not Required,Completed,Flagged
774,Valid,Pending,Clear
775,Valid,Completed,Flagged
776,Not Required,Pending,Flagged
777,Expired,Pending,Clear
778,Expired,Pending,Flagged
779,Valid,Pending,Flagged
780,Expired,Completed,Clear
781,Not Required,Pending,Flagged
782,Valid,Pending,Clear
783,Valid,Completed,Clear
784,Not Required,Pending,Clear
785,Valid,Completed,Clear
786,Expired,Pending,Clear
787,Valid,Completed,Flagged
788,Not Required,Pending,Flagged
789,Expired,Completed,Flagged
790,Expired,Pending,Clear
791,Valid,Completed,Clear
792,Valid,Pending,Flagged
793,Expired,Completed,Clear
794,Valid,Completed,Flagged
795,Not Required,Completed,Flagged
796,Valid,Completed,Clear
797,Valid,Completed,Clear
798,Not Required,Pending,Clear
799,Not Required,Pending,Clear
800,Not Required,Pending,Flagged
801,Expired,Pending,Clear
802,Expired,Pending,Clear
803,Valid,Pending,Flagged
804,Valid,Pending,Flagged
805,Valid,Pending,Clear
806,Expired,Completed,Clear
807,Valid,Pending,Flagged
808,Valid,Completed,Flagged
809,Not Required,Completed,Clear
810,Not Required,Pending,Flagged
811,Expired,Pending,Clear
812,Valid,Pending,Clear
813,Valid,Pending,Flagged
814,Expired,Completed,Clear
815,Valid,Completed,Flagged
816,Not Required,Pending,Clear
817,Valid,Completed,Flagged
818,Not Required,Completed,Clear
819,Not Required,Pending,Flagged
820,Not Required,Pending,Flagged
821,Expired,Pending,Clear
822,Expired,Completed,Flagged
823,Valid,Completed,Clear
824,Expired,Pending,Flagged
825,Expired,Pending,Flagged
826,Valid,Pending,Flagged
827,Expired,Pending,Clear
828,Not Required,Completed,Flagged
829,Expired,Completed,Flagged
830,Valid,Pending,Clear
831,Valid,Pending,Clear
832,Valid,Pending,Clear
833,Not Required,Pending,Flagged
834,Not Required,Pending,Flagged
835,Not Required,Pending,Clear
836,Not Required,Pending,Flagged
837,Valid,Completed,Clear
838,Expired,Pending,Flagged
839,Expired,Pending,Clear
840,Not Required,Pending,Clear
841,Expired,Pending,Flagged
842,Not Required,Pending,Flagged
843,Valid,Completed,Clear
844,Valid,Pending,Flagged
845,Valid,Completed,Flagged
846,Valid,Pending,Flagged
847,Valid,Pending,Flagged
848,Expired,Completed,Flagged
849,Expired,Completed,Flagged
850,Expired,Pending,Flagged
851,Valid,Pending,Clear
852,Valid,Completed,Clear
853,Not Required,Completed,Flagged
854,Expired,Completed,Flagged
855,Valid,Pending,Clear
856,Valid,Pending,Clear
857,Not Required,Completed,Flagged
858,Valid,Completed,Clear
859,Expired,Pending,Clear
860,Expired,Completed,Clear
861,Expired,Completed,Clear
862,Valid,Pending,Flagged
863,Expired,Pending,Clear
864,Valid,Pending,Flagged
865,Not Required,Completed,Clear
866,Expired,Completed,Clear
867,Valid,Pending,Clear
868,Expired,Completed,Flagged
869,Not Required,Pending,Flagged
870,Not Required,Pending,Flagged
871,Expired,Pending,Flagged
872,Not Required,Pending,Clear
873,Valid,Completed,Clear
874,Not Required,Completed,Clear
875,Valid,Completed,Clear
876,Expired,Pending,Clear
877,Valid,Pending,Clear
878,Not Required,Completed,Flagged
879,Expired,Pending,Clear
880,Valid,Completed,Flagged
881,Not Required,Completed,Flagged
882,Valid,Completed,Flagged
883,Not Required,Completed,Flagged
884,Not Required,Pending,Flagged
885,Expired,Pending,Flagged
886,Not Required,Completed,Clear
887,Expired,Pending,Flagged
888,Expired,Completed,Clear
889,Expired,Completed,Clear
890,Valid,Completed,Clear
891,Not Required,Completed,Clear
892,Valid,Completed,Flagged
893,Not Required,Completed,Clear
894,Valid,Pending,Clear
895,Valid,Pending,Clear
896,Not Required,Pending,Clear
897,Valid,Completed,Flagged
898,Not Required,Completed,Clear
899,Valid,Pending,Clear
900,Not Required,Completed,Clear
901,Expired,Pending,Clear
902,Expired,Completed,Clear
903,Expired,Completed,Clear
904,Expired,Completed,Flagged
905,Valid,Completed,Clear
906,Not Required,Pending,Flagged
907,Not Required,Pending,Clear
908,Not Required,Pending,Flagged
909,Valid,Pending,Flagged
910,Expired,Pending,Flagged
911,Not Required,Completed,Clear
912,Valid,Completed,Clear
913,Not Required,Completed,Clear
914,Not Required,Completed,Clear
915,Expired,Pending,Clear
916,Valid,Completed,Clear
917,Not Required,Pending,Flagged
918,Expired,Pending,Flagged
919,Not Required,Pending,Clear
920,Valid,Completed,Flagged
921,Expired,Pending,Clear
922,Expired,Completed,Flagged
923,Expired,Completed,Clear
924,Valid,Pending,Clear
925,Valid,Completed,Clear
926,Valid,Pending,Clear
927,Not Required,Completed,Clear
928,Valid,Pending,Clear
929,Valid,Completed,Clear
930,Expired,Pending,Clear
931,Not Required,Completed,Clear
932,Not Required,Pending,Flagged
933,Valid,Completed,Flagged
934,Valid,Pending,Flagged
935,Not Required,Completed,Flagged
936,Not Required,Completed,Clear
937,Expired,Pending,Flagged
938,Expired,Pending,Flagged
939,Expired,Completed,Flagged
940,Expired,Pending,Flagged
941,Expired,Pending,Flagged
942,Expired,Completed,Flagged
943,Not Required,Completed,Flagged
944,Not Required,Pending,Flagged
945,Not Required,Pending,Clear
946,Valid,Pending,Flagged
947,Expired,Completed,Clear
948,Valid,Completed,Flagged
949,Expired,Completed,Flagged
950,Not Required,Completed,Flagged
951,Valid,Completed,Clear
952,Expired,Pending,Clear
953,Not Required,Completed,Flagged
954,Valid,Completed,Clear
955,Expired,Completed,Clear
956,Valid,Completed,Flagged
957,Valid,Completed,Clear
958,Valid,Completed,Clear
959,Valid,Pending,Flagged
960,Valid,Pending,Flagged
961,Valid,Completed,Clear
962,Expired,Completed,Clear
963,Expired,Completed,Flagged
964,Not Required,Pending,Flagged
965,Not Required,Completed,Flagged
966,Not Required,Pending,Flagged
967,Valid,Pending,Clear
968,Expired,Pending,Clear
969,Expired,Completed,Clear
970,Expired,Pending,Flagged
971,Valid,Pending,Flagged
972,Valid,Completed,Flagged
973,Valid,Completed,Clear
974,Not Required,Pending,Clear
975,Not Required,Completed,Flagged
976,Expired,Completed,Flagged
977,Not Required,Completed,Flagged
978,Valid,Pending,Clear
979,Not Required,Completed,Flagged
980,Expired,Completed,Flagged
981,Not Required,Completed,Clear
982,Not Required,Pending,Clear
983,Valid,Pending,Clear
984,Expired,Pending,Clear
985,Not Required,Pending,Clear
986,Expired,Pending,Flagged
987,Valid,Completed,Flagged
988,Expired,Completed,Flagged
989,Not Required,Pending,Flagged
990,Expired,Completed,Flagged
991,Not Required,Completed,Flagged
992,Expired,Completed,Flagged
993,Not Required,Completed,Flagged
994,Not Required,Completed,Flagged
995,Expired,Pending,Clear
996,Not Required,Completed,Flagged
997,Valid,Completed,Flagged
998,Expired,Completed,Flagged
999,Expired,Completed,Clear
1000,Expired,Pending,Clear
1001,Not Required,Completed,Clear
1002,Expired,Pending,Flagged
1003,Expired,Pending,Flagged
1004,Valid,Completed,Clear
1005,Not Required,Completed,Clear
1006,Not Required,Pending,Clear
1007,Expired,Pending,Flagged
1008,Not Required,Pending,Clear
1009,Valid,Pending,Flagged
1010,Expired,Completed,Flagged
1011,Expired,Pending,Clear
1012,Not Required,Pending,Flagged
1013,Not Required,Pending,Flagged
1014,Valid,Completed,Clear
1015,Expired,Pending,Clear
1016,Valid,Completed,Flagged
1017,Expired,Completed,Clear
1018,Not Required,Pending,Flagged
1019,Valid,Completed,Flagged
1020,Expired,Completed,Clear
1021,Valid,Completed,Flagged
1022,Valid,Pending,Flagged
1023,Not Required,Pending,Clear
1024,Not Required,Pending,Flagged
1025,Valid,Completed,Clear
1026,Not Required,Completed,Flagged
1027,Not Required,Pending,Clear
1028,Valid,Pending,Clear
1029,Not Required,Pending,Clear
1030,Not Required,Completed,Clear
1031,Expired,Completed,Clear
1032,Not Required,Pending,Clear
1033,Not Required,Pending,Flagged
1034,Not Required,Pending,Clear
1035,Valid,Completed,Clear
1036,Not Required,Pending,Clear
1037,Expired,Pending,Clear
1038,Expired,Completed,Flagged
1039,Valid,Pending,Flagged
1040,Valid,Completed,Clear
1041,Valid,Pending,Flagged
1042,Not Required,Completed,Flagged
1043,Valid,Pending,Clear
1044,Expired,Completed,Flagged
1045,Valid,Pending,Clear
1046,Valid,Completed,Clear
1047,Valid,Pending,Flagged
1048,Valid,Completed,Flagged
1049,Expired,Pending,Flagged
1050,Expired,Completed,Clear
1051,Valid,Pending,Flagged
1052,Valid,Pending,Flagged
1053,Valid,Completed,Clear
1054,Expired,Completed,Clear
1055,Not Required,Completed,Flagged
1056,Expired,Completed,Clear
1057,Expired,Completed,Flagged
1058,Not Required,Pending,Clear
1059,Not Required,Pending,Clear
1060,Expired,Completed,Clear
1061,Not Required,Completed,Flagged
1062,Valid,Completed,Flagged
1063,Valid,Completed,Flagged
1064,Not Required,Pending,Clear
1065,Valid,Completed,Flagged
1066,Valid,Completed,Flagged
1067,Valid,Completed,Flagged
1068,Expired,Pending,Clear
1069,Expired,Pending,Flagged
1070,Not Required,Pending,Clear
1071,Valid,Pending,Clear
1072,Valid,Pending,Flagged
1073,Expired,Pending,Flagged
1074,Valid,Pending,Clear
1075,Not Required,Pending,Clear
1076,Not Required,Completed,Clear
1077,Valid,Completed,Clear
1078,Not Required,Pending,Flagged
1079,Valid,Completed,Flagged
1080,Expired,Completed,Flagged
1081,Valid,Completed,Flagged
1082,Not Required,Pending,Clear
1083,Not Required,Completed,Clear
1084,Expired,Completed,Flagged
1085,Not Required,Pending,Flagged
1086,Expired,Completed,Clear
1087,Valid,Completed,Clear
1088,Valid,Pending,Flagged
1089,Not Required,Pending,Flagged
1090,Expired,Pending,Flagged
1091,Expired,Pending,Clear
1092,Expired,Pending,Flagged
1093,Not Required,Pending,Flagged
1094,Valid,Pending,Flagged
1095,Expired,Completed,Clear
1096,Expired,Pending,Clear
1097,Not Required,Completed,Clear
1098,Expired,Pending,Flagged
1099,Valid,Pending,Clear
1100,Valid,Pending,Clear
1101,Not Required,Pending,Flagged
1102,Expired,Pending,Flagged
1103,Valid,Completed,Flagged
1104,Not Required,Completed,Clear
1105,Expired,Completed,Flagged
1106,Not Required,Completed,Flagged
1107,Valid,Pending,Clear
1108,Expired,Completed,Clear
1109,Expired,Pending,Flagged
1110,Not Required,Completed,Flagged
1111,Valid,Completed,Flagged
1112,Expired,Pending,Clear
1113,Not Required,Pending,Clear
1114,Valid,Completed,Clear
1115,Expired,Pending,Flagged
1116,Expired,Pending,Clear
1117,Not Required,Pending,Clear
1118,Expired,Pending,Clear
1119,Not Required,Completed,Clear
1120,Not Required,Pending,Clear
1121,Not Required,Pending,Flagged
1122,Valid,Pending,Flagged
1123,Expired,Pending,Clear
1124,Expired,Completed,Flagged
1125,Expired,Completed,Flagged
1126,Not Required,Completed,Clear
1127,Not Required,Completed,Clear
1128,Not Required,Pending,Flagged
1129,Valid,Completed,Flagged
1130,Not Required,Completed,Flagged
1131,Valid,Pending,Clear
1132,Valid,Pending,Flagged
1133,Not Required,Pending,Clear
1134,Not Required,Pending,Clear
1135,Not Required,Pending,Clear
1136,Not Required,Completed,Flagged
1137,Expired,Pending,Clear
1138,Not Required,Completed,Flagged
1139,Valid,Completed,Clear
1140,Valid,Pending,Flagged
1141,Not Required,Completed,Clear
1142,Expired,Pending,Clear
1143,Not Required,Pending,Clear
1144,Expired,Pending,Clear
1145,Expired,Pending,Clear
1146,Not Required,Pending,Clear
1147,Valid,Pending,Clear
1148,Not Required,Completed,Flagged
1149,Valid,Pending,Clear
1150,Expired,Pending,Clear
1151,Valid,Completed,Clear
1152,Valid,Completed,Flagged
1153,Valid,Pending,Clear
1154,Valid,Pending,Flagged
1155,Expired,Pending,Flagged
1156,Not Required,Pending,Clear
1157,Expired,Pending,Clear
1158,Not Required,Pending,Clear
1159,Not Required,Completed,Flagged
1160,Valid,Completed,Clear
1161,Expired,Pending,Clear
1162,Valid,Completed,Clear
1163,Not Required,Completed,Flagged
1164,Expired,Pending,Clear
1165,Expired,Completed,Clear
1166,Expired,Completed,Flagged
1167,Valid,Pending,Flagged
1168,Valid,Completed,Flagged
1169,Expired,Completed,Clear
1170,Valid,Completed,Clear
1171,Expired,Pending,Clear
1172,Expired,Completed,Flagged
1173,Expired,Pending,Flagged
1174,Expired,Completed,Clear
1175,Expired,Pending,Flagged
1176,Valid,Pending,Flagged
1177,Not Required,Pending,Clear
1178,Valid,Completed,Flagged
1179,Not Required,Completed,Clear
1180,Not Required,Pending,Clear
1181,Not Required,Pending,Clear
1182,Not Required,Pending,Clear
1183,Expired,Pending,Clear
1184,Valid,Pending,Flagged
1185,Valid,Pending,Clear
1186,Expired,Pending,Flagged
1187,Valid,Pending,Clear
1188,Valid,Pending,Flagged
1189,Valid,Pending,Clear
1190,Valid,Pending,Clear
1191,Valid,Pending,Clear
1192,Expired,Completed,Clear
1193,Expired,Completed,Flagged
1194,Valid,Completed,Flagged
1195,Valid,Completed,Clear
1196,Valid,Completed,Flagged
1197,Valid,Pending,Flagged
1198,Valid,Completed,Flagged
1199,Valid,Completed,Clear
1200,Valid,Pending,Flagged
1201,Not Required,Completed,Clear
1202,Valid,Pending,Clear
1203,Not Required,Completed,Flagged
1204,Expired,Completed,Clear
1205,Valid,Pending,Flagged
1206,Valid,Pending,Flagged
1207,Valid,Pending,Flagged
1208,Expired,Completed,Clear
1209,Expired,Completed,Clear
1210,Not Required,Completed,Flagged
1211,Expired,Pending,Flagged
1212,Valid,Completed,Clear
1213,Not Required,Pending,Flagged
1214,Not Required,Completed,Clear
1215,Valid,Pending,Clear
1216,Valid,Pending,Flagged
1217,Expired,Pending,Clear
1218,Expired,Pending,Clear
1219,Expired,Pending,Flagged
1220,Not Required,Pending,Flagged
1221,Not Required,Pending,Flagged
1222,Not Required,Pending,Clear
1223,Not Required,Completed,Clear
1224,Expired,Completed,Flagged
1225,Not Required,Completed,Flagged
1226,Expired,Pending,Flagged
1227,Expired,Completed,Clear
1228,Valid,Pending,Clear
1229,Expired,Pending,Flagged
1230,Not Required,Pending,Flagged
1231,Valid,Completed,Clear
1232,Expired,Completed,Clear
1233,Not Required,Pending,Clear
1234,Not Required,Completed,Clear
1235,Valid,Pending,Clear
1236,Valid,Completed,Clear
1237,Expired,Pending,Clear
1238,Expired,Completed,Clear
1239,Valid,Pending,Clear
1240,Not Required,Completed,Flagged
1241,Expired,Pending,Flagged
1242,Not Required,Completed,Clear
1243,Not Required,Pending,Clear
1244,Expired,Completed,Flagged
1245,Valid,Pending,Clear
1246,Expired,Pending,Flagged
1247,Valid,Completed,Flagged
1248,Valid,Pending,Clear
1249,Expired,Completed,Clear
1250,Not Required,Completed,Clear
1251,Not Required,Completed,Flagged
1252,Expired,Completed,Clear
1253,Not Required,Completed,Flagged
1254,Not Required,Pending,Clear
1255,Not Required,Pending,Flagged
1256,Not Required,Pending,Clear
1257,Not Required,Completed,Clear
1258,Valid,Pending,Clear
1259,Expired,Completed,Flagged
1260,Not Required,Completed,Flagged
1261,Not Required,Completed,Flagged
1262,Not Required,Completed,Flagged
1263,Expired,Pending,Clear
1264,Not Required,Completed,Clear
1265,Valid,Pending,Flagged
1266,Not Required,Completed,Clear
1267,Expired,Completed,Flagged
1268,Expired,Pending,Flagged
1269,Expired,Pending,Flagged
1270,Expired,Completed,Clear
1271,Expired,Pending,Clear
1272,Not Required,Completed,Flagged
1273,Valid,Pending,Flagged
1274,Valid,Pending,Flagged
1275,Expired,Completed,Clear
1276,Expired,Pending,Clear
1277,Valid,Pending,Flagged
1278,Expired,Completed,Clear
1279,Valid,Pending,Clear
1280,Not Required,Pending,Flagged
1281,Not Required,Completed,Clear
1282,Valid,Pending,Flagged
1283,Valid,Pending,Flagged
1284,Valid,Pending,Flagged
1285,Not Required,Pending,Clear
1286,Valid,Completed,Clear
1287,Not Required,Pending,Clear
1288,Expired,Pending,Clear
1289,Valid,Completed,Flagged
1290,Valid,Pending,Flagged
1291,Expired,Completed,Flagged
1292,Expired,Completed,Clear
1293,Valid,Completed,Flagged
1294,Not Required,Completed,Flagged
1295,Not Required,Pending,Flagged
1296,Expired,Pending,Clear
1297,Expired,Pending,Clear
1298,Valid,Pending,Clear
1299,Not Required,Completed,Flagged
1300,Valid,Pending,Flagged
1301,Not Required,Completed,Clear
1302,Not Required,Completed,Flagged
1303,Expired,Pending,Flagged
1304,Not Required,Completed,Clear
1305,Valid,Completed,Clear
1306,Not Required,Pending,Clear
1307,Expired,Pending,Clear
1308,Not Required,Pending,Clear
1309,Not Required,Completed,Flagged
1310,Expired,Pending,Clear
1311,Valid,Completed,Flagged
1312,Valid,Pending,Flagged
1313,Expired,Pending,Clear
1314,Not Required,Completed,Flagged
1315,Valid,Completed,Clear
1316,Valid,Pending,Flagged
1317,Expired,Completed,Clear
1318,Not Required,Pending,Clear
1319,Expired,Completed,Flagged
1320,Valid,Completed,Flagged
1321,Not Required,Completed,Clear
1322,Valid,Completed,Flagged
1323,Not Required,Pending,Clear
1324,Not Required,Completed,Clear
1325,Expired,Completed,Clear
1326,Not Required,Completed,Clear
1327,Valid,Pending,Flagged
1328,Not Required,Completed,Flagged
1329,Expired,Completed,Flagged
1330,Expired,Pending,Flagged
1331,Not Required,Completed,Flagged
1332,Expired,Pending,Clear
1333,Expired,Completed,Clear
1334,Valid,Completed,Clear
1335,Not Required,Pending,Flagged
1336,Expired,Pending,Clear
1337,Not Required,Completed,Clear
1338,Not Required,Pending,Flagged
1339,Expired,Completed,Clear
1340,Not Required,Pending,Flagged
1341,Expired,Pending,Flagged
1342,Not Required,Completed,Clear
1343,Not Required,Pending,Flagged
1344,Valid,Pending,Clear
1345,Valid,Completed,Flagged
1346,Valid,Completed,Flagged
1347,Valid,Completed,Flagged
1348,Expired,Completed,Flagged
1349,Expired,Pending,Flagged
1350,Not Required,Completed,Clear
1351,Valid,Completed,Clear
1352,Not Required,Completed,Clear
1353,Not Required,Pending,Clear
1354,Not Required,Completed,Flagged
1355,Not Required,Pending,Clear
1356,Valid,Completed,Clear
1357,Not Required,Completed,Clear
1358,Expired,Pending,Clear
1359,Valid,Completed,Clear
1360,Valid,Completed,Flagged
1361,Not Required,Completed,Flagged
1362,Not Required,Completed,Clear
1363,Expired,Pending,Flagged
1364,Valid,Pending,Clear
1365,Expired,Pending,Flagged
1366,Valid,Completed,Clear
1367,Not Required,Completed,Flagged
1368,Expired,Pending,Clear
1369,Not Required,Pending,Flagged
1370,Not Required,Completed,Clear
1371,Valid,Pending,Clear
1372,Expired,Pending,Clear
1373,Valid,Completed,Flagged
1374,Not Required,Completed,Clear
1375,Valid,Pending,Flagged
1376,Not Required,Pending,Clear
1377,Valid,Completed,Flagged
1378,Valid,Completed,Flagged
1379,Not Required,Completed,Flagged
1380,Not Required,Pending,Flagged
1381,Not Required,Completed,Flagged
1382,Not Required,Pending,Flagged
1383,Expired,Completed,Flagged
1384,Expired,Pending,Flagged
1385,Not Required,Completed,Flagged
1386,Valid,Pending,Flagged
1387,Expired,Completed,Flagged
1388,Valid,Pending,Clear
1389,Expired,Pending,Clear
1390,Expired,Completed,Clear
1391,Expired,Pending,Flagged
1392,Expired,Completed,Flagged
1393,Expired,Pending,Flagged
1394,Not Required,Completed,Flagged
1395,Valid,Pending,Flagged
1396,Expired,Pending,Flagged
1397,Not Required,Pending,Clear
1398,Expired,Pending,Flagged
1399,Expired,Pending,Clear
1400,Not Required,Pending,Clear
1401,Expired,Completed,Flagged
1402,Not Required,Pending,Clear
1403,Not Required,Pending,Flagged
1404,Not Required,Completed,Flagged
1405,Valid,Completed,Clear
1406,Expired,Pending,Flagged
1407,Expired,Completed,Flagged
1408,Not Required,Completed,Clear
1409,Not Required,Completed,Flagged
1410,Not Required,Pending,Clear
1411,Not Required,Pending,Flagged
1412,Not Required,Completed,Clear
1413,Expired,Completed,Flagged
1414,Expired,Completed,Clear
1415,Valid,Completed,Flagged
1416,Valid,Completed,Flagged
1417,Not Required,Pending,Clear
1418,Not Required,Pending,Clear
1419,Expired,Pending,Clear
1420,Expired,Pending,Clear
1421,Not Required,Pending,Clear
1422,Valid,Pending,Flagged
1423,Valid,Pending,Clear
1424,Expired,Pending,Flagged
1425,Expired,Pending,Clear
1426,Valid,Completed,Clear
1427,Not Required,Completed,Flagged
1428,Not Required,Completed,Flagged
1429,Expired,Pending,Flagged
1430,Valid,Pending,Flagged
1431,Not Required,Pending,Flagged
1432,Not Required,Completed,Clear
1433,Expired,Pending,Clear
1434,Expired,Pending,Flagged
1435,Valid,Completed,Flagged
1436,Not Required,Pending,Flagged
1437,Expired,Completed,Flagged
1438,Expired,Pending,Flagged
1439,Not Required,Pending,Clear
1440,Valid,Pending,Clear
1441,Expired,Completed,Flagged
1442,Not Required,Completed,Flagged
1443,Not Required,Completed,Clear
1444,Not Required,Completed,Flagged
1445,Valid,Completed,Clear
1446,Expired,Pending,Clear
1447,Valid,Pending,Clear
1448,Not Required,Completed,Flagged
1449,Expired,Completed,Clear
1450,Not Required,Completed,Flagged
1451,Not Required,Pending,Flagged
1452,Not Required,Completed,Clear
1453,Not Required,Pending,Flagged
1454,Expired,Completed,Flagged
1455,Not Required,Pending,Clear
1456,Not Required,Completed,Flagged
1457,Valid,Completed,Flagged
1458,Expired,Pending,Flagged
1459,Not Required,Completed,Clear
1460,Valid,Completed,Clear
1461,Expired,Pending,Flagged
1462,Expired,Pending,Flagged
1463,Not Required,Pending,Clear
1464,Expired,Completed,Clear
1465,Expired,Completed,Clear
1466,Valid,Completed,Clear
1467,Not Required,Completed,Clear
1468,Valid,Pending,Clear
1469,Expired,Pending,Flagged
1470,Not Required,Completed,Flagged
1471,Not Required,Pending,Clear
1472,Expired,Pending,Flagged
1473,Valid,Pending,Clear
1474,Not Required,Pending,Flagged
1475,Expired,Completed,Flagged
1476,Not Required,Pending,Flagged
1477,Not Required,Pending,Flagged
1478,Expired,Pending,Clear
1479,Not Required,Pending,Flagged
1480,Expired,Completed,Clear
1481,Valid,Completed,Flagged
1482,Valid,Pending,Clear
1483,Not Required,Pending,Clear
1484,Expired,Completed,Flagged
1485,Expired,Pending,Clear
1486,Valid,Pending,Flagged
1487,Not Required,Pending,Clear
1488,Not Required,Completed,Clear
1489,Not Required,Completed,Flagged
1490,Not Required,Completed,Flagged
1491,Expired,Pending,Flagged
1492,Not Required,Pending,Clear
1493,Valid,Completed,Clear
1494,Not Required,Completed,Flagged
1495,Not Required,Pending,Flagged
1496,Expired,Pending,Flagged
1497,Valid,Pending,Flagged
1498,Expired,Completed,Clear
1499,Not Required,Completed,Clear
1500,Not Required,Completed,Clear
1501,Not Required,Pending,Flagged
1502,Expired,Pending,Clear
1503,Expired,Pending,Clear
1504,Expired,Pending,Clear
1505,Valid,Completed,Flagged
1506,Expired,Pending,Flagged
1507,Valid,Pending,Flagged
1508,Not Required,Completed,Clear
1509,Valid,Pending,Flagged
1510,Expired,Pending,Clear
1511,Not Required,Completed,Flagged
1512,Not Required,Completed,Flagged
1513,Expired,Pending,Flagged
1514,Expired,Completed,Flagged
1515,Valid,Pending,Clear
1516,Not Required,Pending,Clear
1517,Expired,Pending,Clear
1518,Not Required,Completed,Flagged
1519,Expired,Completed,Flagged
1520,Not Required,Completed,Clear
1521,Valid,Completed,Flagged
1522,Valid,Completed,Clear
1523,Valid,Pending,Clear
1524,Not Required,Pending,Flagged
1525,Expired,Pending,Flagged
1526,Not Required,Pending,Clear
1527,Valid,Pending,Clear
1528,Valid,Pending,Flagged
1529,Valid,Pending,Clear
1530,Not Required,Pending,Clear
1531,Valid,Pending,Clear
1532,Not Required,Completed,Clear
1533,Expired,Completed,Flagged
1534,Not Required,Completed,Clear
1535,Not Required,Pending,Clear
1536,Not Required,Pending,Clear
1537,Valid,Pending,Clear
1538,Expired,Completed,Flagged
1539,Expired,Pending,Flagged
1540,Valid,Completed,Flagged
1541,Not Required,Completed,Flagged
1542,Valid,Pending,Flagged
1543,Not Required,Completed,Flagged
1544,Not Required,Pending,Clear
1545,Valid,Completed,Clear
1546,Expired,Completed,Clear
1547,Not Required,Pending,Clear
1548,Expired,Pending,Clear
1549,Valid,Completed,Clear
1550,Not Required,Pending,Flagged
1551,Not Required,Completed,Clear
1552,Not Required,Pending,Clear
1553,Valid,Completed,Clear
1554,Not Required,Completed,Flagged
1555,Valid,Completed,Clear
1556,Expired,Completed,Flagged
1557,Not Required,Pending,Clear
1558,Expired,Pending,Flagged
1559,Expired,Pending,Clear
1560,Expired,Pending,Flagged
1561,Valid,Pending,Flagged
1562,Expired,Pending,Clear
1563,Expired,Pending,Clear
1564,Valid,Pending,Clear
1565,Valid,Pending,Clear
1566,Valid,Pending,Flagged
1567,Not Required,Completed,Clear
1568,Valid,Pending,Flagged
1569,Valid,Pending,Flagged
1570,Valid,Completed,Clear
1571,Not Required,Completed,Flagged
1572,Not Required,Completed,Clear
1573,Not Required,Completed,Clear
1574,Expired,Completed,Flagged
1575,Valid,Completed,Flagged
1576,Not Required,Completed,Flagged
1577,Expired,Pending,Flagged
1578,Not Required,Completed,Flagged
1579,Not Required,Pending,Clear
1580,Valid,Pending,Clear
1581,Valid,Completed,Flagged
1582,Not Required,Completed,Clear
1583,Not Required,Pending,Flagged
1584,Valid,Pending,Flagged
1585,Valid,Pending,Clear
1586,Not Required,Completed,Flagged
1587,Not Required,Pending,Flagged
1588,Valid,Pending,Clear
1589,Expired,Pending,Clear
1590,Valid,Completed,Flagged
1591,Expired,Pending,Clear
1592,Expired,Pending,Flagged
1593,Expired,Completed,Clear
1594,Expired,Completed,Flagged
1595,Not Required,Pending,Clear
1596,Expired,Pending,Flagged
1597,Valid,Pending,Flagged
1598,Valid,Pending,Flagged
1599,Valid,Completed,Clear
1600,Not Required,Pending,Clear
1601,Expired,Pending,Flagged
1602,Not Required,Pending,Flagged
1603,Not Required,Completed,Clear
1604,Valid,Pending,Flagged
1605,Not Required,Completed,Clear
1606,Not Required,Completed,Clear
1607,Expired,Completed,Flagged
1608,Not Required,Pending,Flagged
1609,Valid,Completed,Clear
1610,Expired,Pending,Clear
1611,Valid,Completed,Flagged
1612,Expired,Completed,Flagged
1613,Not Required,Pending,Flagged
1614,Not Required,Completed,Clear
1615,Expired,Completed,Clear
1616,Not Required,Pending,Clear
1617,Not Required,Completed,Clear
1618,Expired,Completed,Flagged
1619,Not Required,Pending,Clear
1620,Not Required,Pending,Clear
1621,Valid,Completed,Clear
1622,Expired,Pending,Flagged
1623,Expired,Completed,Flagged
1624,Expired,Completed,Flagged
1625,Expired,Completed,Clear
1626,Expired,Completed,Flagged
1627,Expired,Completed,Flagged
1628,Valid,Completed,Flagged
1629,Valid,Completed,Clear
1630,Expired,Pending,Flagged
1631,Valid,Pending,Flagged
1632,Valid,Pending,Clear
1633,Valid,Pending,Flagged
1634,Expired,Completed,Clear
1635,Valid,Pending,Clear
1636,Not Required,Pending,Flagged
1637,Expired,Pending,Flagged
1638,Expired,Pending,Flagged
1639,Not Required,Pending,Clear
1640,Not Required,Pending,Clear
1641,Valid,Pending,Clear
1642,Valid,Pending,Flagged
1643,Not Required,Pending,Flagged
1644,Valid,Pending,Clear
1645,Not Required,Pending,Flagged
1646,Valid,Completed,Flagged
1647,Expired,Completed,Flagged
1648,Valid,Pending,Clear
1649,Not Required,Pending,Clear
1650,Valid,Completed,Clear
1651,Not Required,Pending,Clear
1652,Valid,Pending,Flagged
1653,Expired,Completed,Flagged
1654,Valid,Completed,Clear
1655,Not Required,Pending,Clear
1656,Not Required,Pending,Clear
1657,Valid,Completed,Flagged
1658,Not Required,Pending,Clear
1659,Not Required,Completed,Clear
1660,Not Required,Pending,Flagged
1661,Valid,Completed,Clear
1662,Not Required,Pending,Clear
1663,Not Required,Pending,Clear
1664,Valid,Completed,Clear
1665,Valid,Pending,Clear
1666,Expired,Completed,Flagged
1667,Not Required,Pending,Clear
1668,Expired,Completed,Clear
1669,Expired,Pending,Flagged
1670,Expired,Pending,Flagged
1671,Valid,Completed,Flagged
1672,Valid,Completed,Flagged
1673,Not Required,Pending,Flagged
1674,Expired,Pending,Flagged
1675,Valid,Completed,Flagged
1676,Expired,Pending,Flagged
1677,Expired,Completed,Flagged
1678,Not Required,Completed,Clear
1679,Not Required,Completed,Flagged
1680,Not Required,Pending,Flagged
1681,Not Required,Completed,Flagged
1682,Valid,Pending,Clear
1683,Valid,Completed,Clear
1684,Not Required,Completed,Clear
1685,Expired,Pending,Clear
1686,Not Required,Completed,Flagged
1687,Valid,Pending,Flagged
1688,Not Required,Pending,Clear
1689,Not Required,Pending,Flagged
1690,Expired,Pending,Flagged
1691,Not Required,Completed,Clear
1692,Not Required,Pending,Clear
1693,Valid,Pending,Flagged
1694,Not Required,Pending,Clear
1695,Expired,Completed,Clear
1696,Expired,Completed,Flagged
1697,Expired,Completed,Clear
1698,Expired,Completed,Flagged
1699,Not Required,Pending,Clear
1700,Expired,Completed,Clear
1701,Not Required,Completed,Clear
1702,Expired,Completed,Clear
1703,Not Required,Pending,Flagged
1704,Not Required,Completed,Flagged
1705,Not Required,Pending,Clear
1706,Expired,Pending,Flagged
1707,Not Required,Pending,Clear
1708,Expired,Pending,Flagged
1709,Valid,Completed,Clear
1710,Not Required,Pending,Flagged
1711,Expired,Pending,Clear
1712,Expired,Completed,Clear
1713,Not Required,Completed,Flagged
1714,Expired,Pending,Flagged
1715,Not Required,Pending,Clear
1716,Not Required,Pending,Flagged
1717,Expired,Completed,Flagged
1718,Expired,Pending,Flagged
1719,Expired,Completed,Flagged
1720,Expired,Completed,Clear
1721,Not Required,Pending,Flagged
1722,Not Required,Completed,Flagged
1723,Expired,Pending,Clear
1724,Not Required,Pending,Clear
1725,Valid,Completed,Flagged
1726,Expired,Completed,Flagged
1727,Expired,Completed,Clear
1728,Valid,Pending,Flagged
1729,Not Required,Pending,Clear
1730,Expired,Pending,Clear
1731,Not Required,Pending,Flagged
1732,Expired,Completed,Clear
1733,Not Required,Pending,Flagged
1734,Valid,Pending,Flagged
1735,Not Required,Completed,Clear
1736,Not Required,Pending,Clear
1737,Not Required,Pending,Clear
1738,Valid,Completed,Clear
1739,Expired,Completed,Flagged
1740,Expired,Pending,Clear
1741,Expired,Completed,Flagged
1742,Expired,Pending,Flagged
1743,Not Required,Pending,Flagged
1744,Valid,Completed,Flagged
1745,Not Required,Completed,Flagged
1746,Not Required,Pending,Flagged
1747,Expired,Pending,Clear
1748,Not Required,Completed,Clear
1749,Expired,Pending,Flagged
1750,Valid,Pending,Flagged
1751,Not Required,Pending,Flagged
1752,Not Required,Completed,Flagged
1753,Valid,Completed,Flagged
1754,Expired,Completed,Flagged
1755,Valid,Completed,Clear
1756,Not Required,Completed,Flagged
1757,Valid,Pending,Flagged
1758,Expired,Completed,Clear
1759,Expired,Pending,Clear
1760,Valid,Pending,Flagged
1761,Valid,Completed,Flagged
1762,Valid,Completed,Clear
1763,Expired,Pending,Flagged
1764,Valid,Completed,Flagged
1765,Expired,Completed,Clear
1766,Valid,Completed,Flagged
1767,Not Required,Pending,Clear
1768,Valid,Completed,Flagged
1769,Expired,Pending,Flagged
1770,Expired,Completed,Clear
1771,Expired,Completed,Clear
1772,Not Required,Pending,Clear
1773,Not Required,Pending,Clear
1774,Expired,Completed,Clear
1775,Valid,Pending,Clear
1776,Not Required,Pending,Flagged
1777,Not Required,Completed,Clear
1778,Valid,Pending,Clear
1779,Not Required,Completed,Flagged
1780,Not Required,Completed,Flagged
1781,Not Required,Pending,Flagged
1782,Expired,Pending,Flagged
1783,Expired,Pending,Clear
1784,Not Required,Completed,Clear
1785,Valid,Pending,Clear
1786,Not Required,Completed,Flagged
1787,Expired,Completed,Clear
1788,Valid,Pending,Flagged
1789,Valid,Completed,Clear
1790,Valid,Pending,Clear
1791,Valid,Pending,Clear
1792,Expired,Pending,Flagged
1793,Valid,Completed,Flagged
1794,Expired,Pending,Clear
1795,Valid,Completed,Clear
1796,Not Required,Completed,Clear
1797,Not Required,Pending,Clear
1798,Expired,Completed,Flagged
1799,Not Required,Completed,Clear
1800,Valid,Pending,Flagged
1801,Not Required,Pending,Flagged
1802,Expired,Pending,Clear
1803,Not Required,Pending,Flagged
1804,Not Required,Completed,Flagged
1805,Valid,Pending,Flagged
1806,Not Required,Pending,Flagged
1807,Not Required,Completed,Clear
1808,Not Required,Pending,Clear
1809,Valid,Pending,Flagged
1810,Valid,Pending,Flagged
1811,Not Required,Completed,Clear
1812,Expired,Pending,Clear
1813,Valid,Completed,Clear
1814,Valid,Pending,Flagged
1815,Expired,Completed,Flagged
1816,Not Required,Completed,Clear
1817,Valid,Completed,Clear
1818,Valid,Completed,Clear
1819,Expired,Pending,Clear
1820,Not Required,Pending,Clear
1821,Valid,Pending,Clear
1822,Expired,Pending,Flagged
1823,Valid,Completed,Flagged
1824,Not Required,Pending,Flagged
1825,Not Required,Pending,Flagged
1826,Expired,Completed,Clear
1827,Expired,Pending,Flagged
1828,Valid,Pending,Clear
1829,Not Required,Pending,Flagged
1830,Not Required,Pending,Clear
1831,Expired,Completed,Flagged
1832,Not Required,Pending,Clear
1833,Expired,Completed,Flagged
1834,Valid,Pending,Clear
1835,Not Required,Pending,Clear
1836,Valid,Completed,Flagged
1837,Expired,Completed,Flagged
1838,Valid,Completed,Flagged
1839,Valid,Pending,Flagged
1840,Expired,Pending,Flagged
1841,Expired,Pending,Flagged
1842,Valid,Completed,Clear
1843,Not Required,Pending,Flagged
1844,Not Required,Pending,Clear
1845,Not Required,Completed,Flagged
1846,Valid,Pending,Clear
1847,Expired,Completed,Clear
1848,Expired,Pending,Clear
1849,Expired,Completed,Flagged
1850,Expired,Completed,Flagged
1851,Valid,Completed,Flagged
1852,Not Required,Completed,Clear
1853,Not Required,Pending,Flagged
1854,Expired,Completed,Flagged
1855,Valid,Completed,Flagged
1856,Expired,Pending,Clear
1857,Not Required,Completed,Flagged
1858,Valid,Pending,Clear
1859,Valid,Completed,Flagged
1860,Expired,Completed,Clear
1861,Expired,Completed,Flagged
1862,Expired,Pending,Flagged
1863,Not Required,Pending,Clear
1864,Expired,Completed,Clear
1865,Not Required,Completed,Clear
1866,Valid,Completed,Flagged
1867,Expired,Completed,Clear
1868,Valid,Pending,Clear
1869,Expired,Completed,Clear
1870,Not Required,Completed,Flagged
1871,Not Required,Pending,Clear
1872,Expired,Pending,Clear
1873,Expired,Completed,Clear
1874,Not Required,Completed,Clear
1875,Valid,Pending,Clear
1876,Not Required,Completed,Flagged
1877,Expired,Completed,Clear
1878,Valid,Pending,Flagged
1879,Not Required,Pending,Flagged
1880,Valid,Pending,Flagged
1881,Valid,Completed,Flagged
1882,Not Required,Completed,Clear
1883,Valid,Completed,Flagged
1884,Not Required,Pending,Flagged
1885,Valid,Pending,Clear
1886,Not Required,Pending,Flagged
1887,Valid,Pending,Clear
1888,Not Required,Completed,Flagged
1889,Valid,Completed,Flagged
1890,Not Required,Pending,Flagged
1891,Not Required,Completed,Flagged
1892,Valid,Completed,Flagged
1893,Valid,Pending,Clear
1894,Valid,Completed,Clear
1895,Valid,Completed,Clear
1896,Expired,Pending,Flagged
1897,Expired,Completed,Flagged
1898,Valid,Completed,Flagged
1899,Expired,Completed,Flagged
1900,Expired,Pending,Clear
1901,Not Required,Pending,Clear
1902,Not Required,Completed,Flagged
1903,Valid,Pending,Flagged
1904,Not Required,Completed,Flagged
1905,Valid,Completed,Flagged
1906,Expired,Completed,Flagged
1907,Not Required,Pending,Clear
1908,Valid,Pending,Flagged
1909,Not Required,Completed,Flagged
1910,Valid,Completed,Clear
1911,Expired,Completed,Clear
1912,Valid,Completed,Flagged
1913,Valid,Pending,Clear
1914,Not Required,Completed,Clear
1915,Valid,Pending,Clear
1916,Expired,Completed,Flagged
1917,Valid,Completed,Flagged
1918,Valid,Pending,Clear
1919,Valid,Pending,Clear
1920,Expired,Pending,Clear
1921,Valid,Completed,Flagged
1922,Expired,Completed,Clear
1923,Expired,Completed,Clear
1924,Expired,Pending,Flagged
1925,Expired,Completed,Clear
1926,Valid,Completed,Clear
1927,Valid,Completed,Flagged
1928,Expired,Pending,Flagged
1929,Not Required,Completed,Clear
1930,Not Required,Completed,Flagged
1931,Valid,Completed,Flagged
1932,Valid,Pending,Flagged
1933,Expired,Pending,Clear
1934,Not Required,Completed,Flagged
1935,Expired,Completed,Clear
1936,Valid,Pending,Flagged
1937,Not Required,Completed,Flagged
1938,Not Required,Pending,Flagged
1939,Valid,Completed,Clear
1940,Not Required,Pending,Flagged
1941,Expired,Completed,Flagged
1942,Not Required,Completed,Flagged
1943,Valid,Pending,Flagged
1944,Expired,Pending,Flagged
1945,Not Required,Completed,Clear
1946,Not Required,Completed,Clear
1947,Expired,Pending,Clear
1948,Valid,Pending,Clear
1949,Not Required,Pending,Flagged
1950,Expired,Completed,Flagged
1951,Expired,Completed,Clear
1952,Not Required,Pending,Clear
1953,Valid,Completed,Flagged
1954,Valid,Completed,Clear
1955,Expired,Pending,Flagged
1956,Expired,Completed,Flagged
1957,Not Required,Completed,Flagged
1958,Valid,Pending,Flagged
1959,Not Required,Completed,Flagged
1960,Valid,Completed,Clear
1961,Not Required,Completed,Flagged
1962,Valid,Completed,Clear
1963,Valid,Pending,Clear
1964,Expired,Completed,Flagged
1965,Not Required,Pending,Flagged
1966,Valid,Completed,Flagged
1967,Valid,Completed,Flagged
1968,Expired,Completed,Flagged
1969,Expired,Pending,Clear
1970,Expired,Pending,Flagged
1971,Expired,Completed,Flagged
1972,Not Required,Completed,Clear
1973,Valid,Completed,Flagged
1974,Valid,Pending,Flagged
1975,Valid,Completed,Clear
1976,Not Required,Pending,Flagged
1977,Not Required,Completed,Clear
1978,Expired,Pending,Clear
1979,Valid,Completed,Flagged
1980,Expired,Completed,Flagged
1981,Valid,Completed,Clear
1982,Valid,Pending,Clear
1983,Expired,Pending,Clear
1984,Valid,Completed,Clear
1985,Not Required,Pending,Flagged
1986,Not Required,Pending,Clear
1987,Valid,Completed,Clear
1988,Not Required,Completed,Flagged
1989,Expired,Pending,Flagged
1990,Expired,Pending,Flagged
1991,Not Required,Pending,Flagged
1992,Valid,Pending,Flagged
1993,Valid,Pending,Clear
1994,Not Required,Pending,Clear
1995,Valid,Completed,Flagged
1996,Not Required,Pending,Flagged
1997,Valid,Pending,Clear
1998,Not Required,Completed,Clear
1999,Not Required,Pending,Clear
2000,Valid,Pending,Flagged
