WorkScheduleID,StandardHours,ShiftDetails
1,10,Morning
2,40,Morning
3,20,Night
4,40,Afternoon
5,30,Afternoon
6,40,Night
7,40,Night
8,10,Night
9,20,Night
10,20,Night
11,40,Afternoon
12,40,Morning
13,30,Afternoon
14,10,Afternoon
15,30,Night
16,30,Afternoon
17,40,Afternoon
18,20,Afternoon
19,40,Night
20,40,Night
21,40,Night
22,30,Morning
23,30,Morning
24,20,Morning
25,20,Night
26,20,Morning
27,40,Morning
28,10,Morning
29,20,Night
30,20,Afternoon
31,20,Afternoon
32,10,Night
33,30,Morning
34,40,Night
35,40,Morning
36,40,Afternoon
37,20,Night
38,10,Night
39,40,Night
40,30,Morning
41,40,Afternoon
42,10,Afternoon
43,10,Night
44,10,Night
45,30,Afternoon
46,10,Night
47,20,Afternoon
48,30,Morning
49,20,Night
50,40,Night
51,20,Afternoon
52,10,Morning
53,20,Morning
54,20,Morning
55,30,Morning
56,10,Night
57,20,Night
58,30,Morning
59,40,Night
60,20,Afternoon
61,30,Morning
62,40,Afternoon
63,40,Afternoon
64,40,Afternoon
65,30,Afternoon
66,40,Afternoon
67,40,Night
68,20,Afternoon
69,40,Morning
70,30,Afternoon
71,30,Night
72,40,Morning
73,20,Afternoon
74,10,Morning
75,20,Afternoon
76,30,Night
77,10,Afternoon
78,40,Night
79,30,Morning
80,40,Afternoon
81,40,Afternoon
82,40,Night
83,30,Afternoon
84,20,Morning
85,30,Night
86,20,Afternoon
87,20,Morning
88,30,Afternoon
89,10,Afternoon
90,40,Night
91,20,Morning
92,30,Night
93,20,Afternoon
94,10,Afternoon
95,40,Morning
96,40,Afternoon
97,20,Morning
98,20,Afternoon
99,20,Morning
100,30,Night
101,10,Morning
102,10,Afternoon
103,30,Night
104,10,Afternoon
105,20,Night
106,40,Night
107,40,Night
108,40,Afternoon
109,40,Night
110,40,Night
111,20,Night
112,30,Night
113,10,Afternoon
114,20,Night
115,20,Night
116,20,Morning
117,20,Morning
118,10,Night
119,40,Night
120,30,Morning
121,10,Morning
122,20,Afternoon
123,30,Night
124,30,Afternoon
125,20,Morning
126,30,Afternoon
127,10,Night
128,20,Night
129,20,Morning
130,20,Night
131,20,Morning
132,20,Afternoon
133,40,Night
134,30,Afternoon
135,20,Night
136,20,Afternoon
137,20,Morning
138,10,Afternoon
139,40,Afternoon
140,30,Night
141,40,Night
142,20,Afternoon
143,30,Afternoon
144,20,Afternoon
145,10,Night
146,20,Afternoon
147,20,Night
148,40,Night
149,20,Afternoon
150,30,Night
151,10,Night
152,30,Night
153,30,Night
154,40,Night
155,30,Night
156,30,Night
157,10,Night
158,30,Afternoon
159,30,Morning
160,30,Night
161,30,Night
162,20,Night
163,10,Night
164,10,Morning
165,30,Night
166,20,Afternoon
167,10,Night
168,20,Afternoon
169,10,Afternoon
170,30,Morning
171,10,Night
172,40,Night
173,10,Afternoon
174,20,Night
175,10,Night
176,20,Morning
177,10,Morning
178,20,Morning
179,30,Afternoon
180,40,Morning
181,10,Night
182,40,Afternoon
183,40,Afternoon
184,10,Night
185,30,Afternoon
186,20,Morning
187,10,Afternoon
188,30,Morning
189,10,Afternoon
190,10,Afternoon
191,20,Night
192,40,Morning
193,30,Morning
194,20,Afternoon
195,30,Afternoon
196,10,Night
197,30,Afternoon
198,30,Night
199,30,Morning
200,10,Afternoon
201,40,Afternoon
202,30,Afternoon
203,30,Afternoon
204,10,Morning
205,40,Morning
206,20,Morning
207,10,Afternoon
208,30,Morning
209,20,Afternoon
210,30,Afternoon
211,30,Morning
212,30,Morning
213,40,Night
214,40,Night
215,20,Afternoon
216,30,Morning
217,30,Afternoon
218,30,Afternoon
219,10,Afternoon
220,40,Night
221,10,Morning
222,30,Morning
223,30,Morning
224,10,Morning
225,30,Night
226,30,Afternoon
227,20,Afternoon
228,40,Afternoon
229,10,Afternoon
230,30,Night
231,10,Night
232,10,Night
233,40,Night
234,40,Night
235,30,Night
236,10,Morning
237,30,Afternoon
238,20,Night
239,20,Morning
240,10,Morning
241,20,Afternoon
242,40,Morning
243,40,Afternoon
244,40,Morning
245,20,Morning
246,10,Morning
247,30,Morning
248,10,Afternoon
249,40,Morning
250,40,Morning
251,10,Night
252,30,Morning
253,20,Afternoon
254,20,Morning
255,30,Afternoon
256,20,Night
257,30,Night
258,30,Night
259,20,Afternoon
260,10,Night
261,40,Afternoon
262,40,Afternoon
263,20,Morning
264,30,Night
265,10,Morning
266,10,Morning
267,40,Afternoon
268,30,Afternoon
269,20,Night
270,10,Afternoon
271,10,Afternoon
272,40,Night
273,20,Morning
274,10,Afternoon
275,30,Morning
276,10,Morning
277,40,Night
278,20,Morning
279,10,Morning
280,30,Morning
281,10,Morning
282,10,Morning
283,20,Morning
284,10,Night
285,20,Morning
286,30,Afternoon
287,40,Night
288,30,Afternoon
289,10,Night
290,20,Night
291,20,Morning
292,30,Afternoon
293,20,Night
294,10,Morning
295,40,Afternoon
296,30,Afternoon
297,10,Night
298,10,Afternoon
299,20,Night
300,20,Morning
301,20,Night
302,40,Night
303,10,Night
304,40,Afternoon
305,20,Afternoon
306,20,Afternoon
307,20,Morning
308,20,Afternoon
309,20,Afternoon
310,40,Night
311,10,Morning
312,30,Afternoon
313,30,Afternoon
314,30,Morning
315,10,Night
316,10,Afternoon
317,30,Night
318,40,Morning
319,10,Afternoon
320,10,Morning
321,10,Afternoon
322,10,Night
323,20,Night
324,20,Night
325,10,Night
326,20,Morning
327,20,Afternoon
328,30,Afternoon
329,40,Morning
330,40,Night
331,10,Night
332,20,Night
333,40,Afternoon
334,10,Afternoon
335,10,Morning
336,40,Night
337,30,Afternoon
338,20,Night
339,30,Night
340,10,Afternoon
341,20,Morning
342,30,Morning
343,40,Night
344,30,Afternoon
345,20,Morning
346,10,Night
347,30,Afternoon
348,20,Night
349,10,Afternoon
350,40,Night
351,10,Night
352,10,Night
353,40,Night
354,40,Night
355,40,Afternoon
356,20,Morning
357,40,Night
358,30,Afternoon
359,30,Morning
360,10,Night
361,40,Morning
362,10,Morning
363,30,Night
364,10,Night
365,10,Afternoon
366,30,Night
367,30,Morning
368,40,Afternoon
369,10,Morning
370,10,Morning
371,10,Afternoon
372,30,Morning
373,20,Night
374,20,Morning
375,40,Night
376,40,Afternoon
377,10,Morning
378,40,Night
379,40,Morning
380,40,Morning
381,40,Afternoon
382,20,Night
383,20,Afternoon
384,30,Afternoon
385,10,Afternoon
386,10,Morning
387,30,Morning
388,20,Afternoon
389,30,Afternoon
390,30,Morning
391,40,Night
392,10,Night
393,40,Morning
394,30,Afternoon
395,30,Morning
396,20,Night
397,30,Morning
398,40,Morning
399,20,Night
400,10,Night
401,30,Afternoon
402,30,Afternoon
403,10,Morning
404,20,Afternoon
405,40,Night
406,30,Afternoon
407,10,Night
408,40,Night
409,40,Afternoon
410,40,Night
411,20,Night
412,10,Night
413,40,Morning
414,10,Afternoon
415,40,Morning
416,40,Morning
417,20,Afternoon
418,20,Afternoon
419,10,Morning
420,40,Night
421,20,Morning
422,20,Night
423,20,Morning
424,30,Afternoon
425,40,Night
426,40,Morning
427,10,Night
428,10,Morning
429,20,Morning
430,30,Afternoon
431,20,Night
432,10,Afternoon
433,10,Night
434,20,Afternoon
435,10,Morning
436,30,Morning
437,10,Afternoon
438,20,Morning
439,20,Night
440,30,Night
441,30,Morning
442,40,Afternoon
443,10,Morning
444,10,Night
445,30,Afternoon
446,10,Night
447,20,Morning
448,20,Night
449,10,Morning
450,30,Afternoon
451,10,Night
452,40,Morning
453,10,Night
454,30,Morning
455,40,Afternoon
456,20,Night
457,30,Morning
458,10,Morning
459,30,Afternoon
460,10,Afternoon
461,30,Afternoon
462,10,Afternoon
463,10,Night
464,30,Afternoon
465,20,Morning
466,40,Morning
467,30,Night
468,30,Morning
469,40,Night
470,10,Morning
471,40,Night
472,20,Night
473,30,Morning
474,20,Afternoon
475,10,Night
476,10,Morning
477,20,Night
478,30,Morning
479,10,Morning
480,40,Afternoon
481,30,Morning
482,40,Night
483,10,Night
484,30,Morning
485,30,Afternoon
486,10,Night
487,20,Night
488,10,Afternoon
489,20,Morning
490,30,Morning
491,30,Afternoon
492,30,Afternoon
493,10,Night
494,30,Morning
495,10,Afternoon
496,30,Afternoon
497,20,Night
498,20,Morning
499,20,Morning
500,20,Morning
501,30,Morning
502,20,Night
503,20,Morning
504,20,Morning
505,40,Morning
506,20,Afternoon
507,10,Morning
508,10,Morning
509,10,Night
510,30,Night
511,30,Afternoon
512,30,Night
513,30,Afternoon
514,40,Afternoon
515,10,Afternoon
516,20,Afternoon
517,20,Afternoon
518,20,Morning
519,10,Night
520,40,Afternoon
521,30,Afternoon
522,40,Night
523,40,Night
524,10,Morning
525,10,Morning
526,30,Afternoon
527,30,Night
528,20,Night
529,30,Night
530,40,Morning
531,10,Morning
532,30,Morning
533,10,Night
534,40,Night
535,40,Morning
536,20,Afternoon
537,10,Afternoon
538,20,Night
539,20,Night
540,30,Night
541,30,Morning
542,30,Morning
543,30,Night
544,40,Afternoon
545,40,Afternoon
546,10,Night
547,20,Night
548,10,Afternoon
549,30,Night
550,30,Night
551,10,Night
552,40,Afternoon
553,10,Morning
554,20,Night
555,10,Afternoon
556,20,Morning
557,20,Afternoon
558,40,Night
559,40,Afternoon
560,40,Night
561,40,Afternoon
562,40,Afternoon
563,10,Afternoon
564,20,Night
565,10,Afternoon
566,20,Afternoon
567,20,Morning
568,20,Afternoon
569,20,Night
570,10,Morning
571,40,Night
572,20,Afternoon
573,30,Afternoon
574,30,Morning
575,30,Afternoon
576,10,Afternoon
577,20,Morning
578,20,Afternoon
579,30,Night
580,30,Night
581,20,Night
582,20,Afternoon
583,30,Morning
584,40,Morning
585,40,Night
586,40,Morning
587,20,Night
588,30,Morning
589,30,Afternoon
590,10,Night
591,40,Morning
592,20,Afternoon
593,40,Morning
594,20,Afternoon
595,20,Afternoon
596,30,Afternoon
597,10,Night
598,40,Afternoon
599,40,Morning
600,30,Night
601,20,Night
602,10,Afternoon
603,40,Night
604,10,Afternoon
605,40,Morning
606,20,Night
607,30,Morning
608,10,Night
609,40,Afternoon
610,10,Afternoon
611,20,Afternoon
612,20,Afternoon
613,10,Night
614,40,Night
615,20,Morning
616,40,Morning
617,20,Morning
618,20,Afternoon
619,20,Morning
620,10,Morning
621,20,Night
622,10,Morning
623,30,Morning
624,10,Night
625,30,Afternoon
626,40,Morning
627,40,Night
628,10,Morning
629,40,Night
630,30,Night
631,20,Afternoon
632,20,Night
633,40,Night
634,20,Afternoon
635,20,Afternoon
636,30,Night
637,30,Afternoon
638,40,Afternoon
639,40,Afternoon
640,10,Afternoon
641,30,Morning
642,20,Afternoon
643,20,Night
644,40,Afternoon
645,40,Afternoon
646,40,Afternoon
647,30,Morning
648,10,Afternoon
649,20,Morning
650,10,Morning
651,20,Morning
652,30,Morning
653,40,Night
654,30,Morning
655,10,Afternoon
656,20,Morning
657,30,Night
658,20,Afternoon
659,20,Night
660,20,Afternoon
661,10,Afternoon
662,10,Morning
663,10,Night
664,30,Afternoon
665,40,Afternoon
666,10,Afternoon
667,20,Afternoon
668,40,Night
669,20,Night
670,40,Night
671,30,Afternoon
672,10,Night
673,20,Morning
674,40,Night
675,30,Morning
676,10,Afternoon
677,20,Morning
678,10,Night
679,30,Night
680,30,Night
681,40,Morning
682,40,Afternoon
683,30,Morning
684,30,Night
685,10,Afternoon
686,10,Afternoon
687,20,Morning
688,20,Night
689,40,Morning
690,20,Morning
691,20,Morning
692,30,Afternoon
693,10,Morning
694,40,Morning
695,10,Morning
696,30,Night
697,10,Night
698,20,Afternoon
699,30,Afternoon
700,30,Afternoon
701,10,Morning
702,10,Night
703,10,Night
704,40,Afternoon
705,10,Afternoon
706,30,Night
707,40,Afternoon
708,30,Afternoon
709,30,Morning
710,40,Morning
711,20,Afternoon
712,20,Morning
713,30,Morning
714,30,Morning
715,30,Morning
716,20,Night
717,40,Afternoon
718,20,Afternoon
719,30,Morning
720,30,Night
721,30,Night
722,10,Night
723,20,Night
724,10,Night
725,30,Night
726,30,Afternoon
727,20,Night
728,20,Morning
729,40,Night
730,20,Afternoon
731,30,Night
732,20,Afternoon
733,40,Morning
734,20,Afternoon
735,10,Night
736,20,Afternoon
737,20,Morning
738,30,Morning
739,20,Afternoon
740,40,Night
741,40,Morning
742,10,Night
743,20,Night
744,10,Morning
745,20,Night
746,10,Afternoon
747,20,Morning
748,40,Afternoon
749,20,Afternoon
750,40,Afternoon
751,10,Morning
752,10,Night
753,10,Morning
754,30,Afternoon
755,20,Morning
756,10,Afternoon
757,10,Morning
758,20,Night
759,20,Night
760,20,Night
761,20,Night
762,10,Afternoon
763,10,Night
764,40,Afternoon
765,10,Afternoon
766,10,Morning
767,30,Night
768,20,Afternoon
769,30,Morning
770,20,Morning
771,30,Afternoon
772,40,Morning
773,30,Morning
774,40,Night
775,20,Morning
776,30,Night
777,30,Morning
778,10,Afternoon
779,10,Morning
780,20,Afternoon
781,30,Night
782,10,Morning
783,10,Night
784,40,Morning
785,10,Morning
786,30,Afternoon
787,20,Afternoon
788,10,Night
789,20,Night
790,40,Night
791,30,Morning
792,10,Morning
793,30,Afternoon
794,40,Night
795,40,Morning
796,30,Afternoon
797,30,Morning
798,20,Morning
799,20,Night
800,20,Morning
801,20,Morning
802,10,Afternoon
803,40,Afternoon
804,30,Morning
805,40,Morning
806,40,Morning
807,40,Morning
808,30,Night
809,20,Morning
810,20,Morning
811,20,Night
812,40,Morning
813,30,Morning
814,10,Morning
815,30,Afternoon
816,20,Night
817,10,Afternoon
818,30,Night
819,10,Afternoon
820,40,Morning
821,30,Afternoon
822,40,Night
823,30,Night
824,10,Morning
825,10,Afternoon
826,20,Morning
827,40,Afternoon
828,40,Afternoon
829,40,Night
830,30,Morning
831,20,Night
832,30,Morning
833,10,Morning
834,10,Afternoon
835,20,Night
836,40,Night
837,20,Night
838,40,Night
839,10,Afternoon
840,10,Afternoon
841,30,Night
842,30,Night
843,40,Morning
844,10,Afternoon
845,30,Morning
846,20,Night
847,40,Afternoon
848,40,Afternoon
849,40,Night
850,10,Night
851,10,Night
852,40,Afternoon
853,30,Night
854,10,Afternoon
855,20,Morning
856,40,Afternoon
857,40,Night
858,40,Morning
859,20,Night
860,20,Night
861,10,Night
862,40,Afternoon
863,10,Morning
864,10,Afternoon
865,20,Morning
866,10,Night
867,40,Morning
868,10,Night
869,30,Afternoon
870,30,Afternoon
871,30,Afternoon
872,20,Morning
873,30,Night
874,10,Night
875,30,Morning
876,30,Morning
877,30,Night
878,30,Afternoon
879,10,Afternoon
880,20,Afternoon
881,40,Afternoon
882,10,Night
883,20,Afternoon
884,40,Morning
885,10,Afternoon
886,10,Night
887,40,Night
888,10,Afternoon
889,30,Night
890,20,Night
891,30,Morning
892,30,Afternoon
893,30,Morning
894,10,Morning
895,20,Night
896,10,Night
897,40,Night
898,10,Night
899,40,Morning
900,30,Night
901,20,Morning
902,40,Night
903,10,Afternoon
904,10,Morning
905,20,Night
906,30,Afternoon
907,10,Night
908,40,Afternoon
909,30,Night
910,10,Afternoon
911,10,Afternoon
912,30,Night
913,20,Night
914,30,Afternoon
915,10,Night
916,10,Morning
917,20,Night
918,10,Night
919,30,Afternoon
920,20,Morning
921,10,Afternoon
922,30,Night
923,40,Night
924,30,Morning
925,20,Night
926,10,Afternoon
927,40,Afternoon
928,10,Night
929,30,Night
930,30,Night
931,10,Afternoon
932,20,Night
933,10,Night
934,10,Night
935,30,Afternoon
936,20,Afternoon
937,10,Morning
938,40,Afternoon
939,10,Night
940,10,Morning
941,20,Afternoon
942,30,Night
943,40,Morning
944,40,Morning
945,10,Night
946,40,Night
947,20,Morning
948,10,Morning
949,40,Night
950,30,Morning
951,30,Morning
952,30,Afternoon
953,10,Morning
954,10,Afternoon
955,30,Morning
956,30,Morning
957,20,Night
958,20,Night
959,10,Morning
960,30,Night
961,10,Night
962,30,Night
963,10,Afternoon
964,40,Afternoon
965,40,Morning
966,30,Night
967,20,Morning
968,30,Night
969,20,Afternoon
970,20,Morning
971,40,Night
972,40,Night
973,30,Afternoon
974,20,Morning
975,20,Morning
976,30,Night
977,40,Night
978,10,Night
979,40,Morning
980,30,Night
981,20,Afternoon
982,30,Morning
983,40,Morning
984,10,Afternoon
985,30,Morning
986,30,Afternoon
987,30,Morning
988,20,Night
989,20,Afternoon
990,40,Night
991,30,Afternoon
992,30,Morning
993,10,Morning
994,10,Night
995,30,Night
996,30,Night
997,40,Morning
998,40,Night
999,20,Afternoon
1000,40,Night
1001,40,Morning
1002,10,Afternoon
1003,30,Afternoon
1004,30,Morning
1005,10,Night
1006,40,Afternoon
1007,30,Morning
1008,10,Morning
1009,40,Afternoon
1010,10,Morning
1011,40,Morning
1012,40,Afternoon
1013,10,Night
1014,20,Night
1015,40,Night
1016,40,Morning
1017,30,Morning
1018,40,Night
1019,10,Morning
1020,30,Night
1021,10,Night
1022,30,Afternoon
1023,20,Afternoon
1024,30,Night
1025,30,Morning
1026,30,Afternoon
1027,20,Morning
1028,30,Afternoon
1029,40,Night
1030,10,Night
1031,40,Afternoon
1032,20,Afternoon
1033,10,Morning
1034,30,Afternoon
1035,20,Night
1036,10,Night
1037,30,Night
1038,40,Night
1039,10,Afternoon
1040,10,Night
1041,10,Morning
1042,20,Afternoon
1043,30,Afternoon
1044,10,Night
1045,10,Afternoon
1046,30,Morning
1047,30,Afternoon
1048,40,Morning
1049,40,Night
1050,10,Morning
1051,20,Morning
1052,20,Morning
1053,20,Morning
1054,10,Afternoon
1055,10,Night
1056,20,Morning
1057,10,Night
1058,40,Night
1059,40,Afternoon
1060,40,Afternoon
1061,10,Morning
1062,20,Night
1063,10,Night
1064,30,Afternoon
1065,30,Afternoon
1066,40,Morning
1067,30,Morning
1068,40,Morning
1069,30,Afternoon
1070,10,Morning
1071,40,Afternoon
1072,40,Night
1073,20,Afternoon
1074,20,Night
1075,40,Morning
1076,20,Night
1077,40,Morning
1078,40,Afternoon
1079,40,Morning
1080,20,Afternoon
1081,20,Morning
1082,40,Morning
1083,10,Afternoon
1084,30,Morning
1085,40,Night
1086,20,Night
1087,30,Morning
1088,20,Morning
1089,40,Morning
1090,10,Night
1091,40,Afternoon
1092,20,Morning
1093,10,Morning
1094,20,Morning
1095,10,Morning
1096,20,Morning
1097,40,Morning
1098,20,Night
1099,30,Night
1100,20,Afternoon
1101,40,Morning
1102,20,Afternoon
1103,30,Morning
1104,10,Morning
1105,10,Morning
1106,20,Morning
1107,40,Night
1108,40,Night
1109,30,Morning
1110,40,Night
1111,20,Morning
1112,30,Morning
1113,40,Morning
1114,40,Night
1115,30,Morning
1116,40,Morning
1117,10,Morning
1118,10,Night
1119,20,Morning
1120,20,Night
1121,10,Morning
1122,10,Morning
1123,10,Night
1124,40,Afternoon
1125,20,Morning
1126,40,Night
1127,40,Morning
1128,20,Night
1129,30,Morning
1130,40,Afternoon
1131,30,Afternoon
1132,30,Morning
1133,40,Afternoon
1134,40,Morning
1135,40,Morning
1136,10,Morning
1137,30,Night
1138,40,Night
1139,10,Morning
1140,10,Night
1141,10,Night
1142,10,Night
1143,20,Morning
1144,20,Morning
1145,30,Night
1146,20,Afternoon
1147,30,Night
1148,20,Afternoon
1149,30,Night
1150,10,Night
1151,10,Morning
1152,40,Afternoon
1153,20,Afternoon
1154,20,Night
1155,40,Morning
1156,20,Night
1157,40,Afternoon
1158,30,Night
1159,30,Afternoon
1160,40,Afternoon
1161,30,Morning
1162,20,Night
1163,30,Night
1164,20,Morning
1165,40,Afternoon
1166,40,Morning
1167,10,Afternoon
1168,40,Night
1169,10,Afternoon
1170,40,Afternoon
1171,20,Night
1172,40,Afternoon
1173,40,Night
1174,30,Night
1175,10,Morning
1176,10,Morning
1177,20,Afternoon
1178,10,Morning
1179,30,Night
1180,10,Afternoon
1181,40,Morning
1182,10,Afternoon
1183,10,Morning
1184,10,Night
1185,20,Night
1186,10,Morning
1187,30,Afternoon
1188,30,Night
1189,30,Night
1190,20,Morning
1191,40,Morning
1192,20,Morning
1193,40,Afternoon
1194,10,Night
1195,30,Morning
1196,10,Night
1197,20,Morning
1198,10,Morning
1199,20,Afternoon
1200,10,Afternoon
1201,10,Afternoon
1202,10,Night
1203,20,Morning
1204,40,Morning
1205,30,Afternoon
1206,20,Morning
1207,40,Morning
1208,40,Night
1209,10,Night
1210,10,Morning
1211,10,Morning
1212,40,Night
1213,40,Morning
1214,30,Morning
1215,30,Afternoon
1216,30,Night
1217,20,Night
1218,30,Night
1219,40,Night
1220,20,Morning
1221,30,Morning
1222,30,Morning
1223,20,Night
1224,20,Night
1225,10,Morning
1226,40,Morning
1227,10,Morning
1228,40,Afternoon
1229,20,Night
1230,40,Night
1231,20,Night
1232,20,Afternoon
1233,10,Afternoon
1234,20,Afternoon
1235,20,Morning
1236,20,Morning
1237,40,Morning
1238,40,Morning
1239,20,Morning
1240,30,Morning
1241,10,Afternoon
1242,20,Afternoon
1243,30,Afternoon
1244,10,Night
1245,40,Night
1246,30,Afternoon
1247,20,Afternoon
1248,10,Morning
1249,30,Afternoon
1250,10,Night
1251,20,Afternoon
1252,40,Afternoon
1253,10,Night
1254,10,Afternoon
1255,30,Afternoon
1256,20,Morning
1257,30,Afternoon
1258,40,Afternoon
1259,10,Morning
1260,20,Night
1261,30,Night
1262,30,Afternoon
1263,20,Morning
1264,30,Morning
1265,30,Night
1266,10,Afternoon
1267,20,Night
1268,30,Afternoon
1269,10,Afternoon
1270,10,Night
1271,40,Morning
1272,30,Morning
1273,10,Night
1274,30,Night
1275,10,Night
1276,20,Night
1277,10,Morning
1278,40,Afternoon
1279,30,Morning
1280,40,Afternoon
1281,10,Night
1282,40,Morning
1283,10,Morning
1284,20,Morning
1285,10,Afternoon
1286,30,Night
1287,20,Afternoon
1288,40,Afternoon
1289,20,Morning
1290,40,Morning
1291,30,Morning
1292,10,Afternoon
1293,30,Night
1294,10,Night
1295,30,Afternoon
1296,20,Morning
1297,40,Afternoon
1298,20,Morning
1299,40,Morning
1300,30,Afternoon
1301,10,Afternoon
1302,30,Night
1303,30,Night
1304,30,Night
1305,20,Morning
1306,20,Morning
1307,30,Morning
1308,30,Afternoon
1309,30,Morning
1310,40,Afternoon
1311,40,Morning
1312,10,Afternoon
1313,30,Afternoon
1314,30,Night
1315,40,Night
1316,30,Afternoon
1317,10,Morning
1318,10,Night
1319,10,Night
1320,30,Morning
1321,40,Afternoon
1322,40,Morning
1323,20,Morning
1324,20,Morning
1325,30,Afternoon
1326,20,Morning
1327,30,Night
1328,10,Night
1329,20,Afternoon
1330,40,Afternoon
1331,10,Morning
1332,30,Morning
1333,40,Afternoon
1334,30,Morning
1335,30,Afternoon
1336,20,Afternoon
1337,30,Morning
1338,20,Morning
1339,10,Night
1340,30,Night
1341,40,Morning
1342,30,Morning
1343,10,Night
1344,10,Night
1345,30,Night
1346,20,Night
1347,40,Morning
1348,40,Afternoon
1349,40,Morning
1350,10,Afternoon
1351,30,Night
1352,10,Afternoon
1353,20,Morning
1354,30,Afternoon
1355,40,Morning
1356,20,Afternoon
1357,10,Afternoon
1358,40,Afternoon
1359,10,Night
1360,30,Afternoon
1361,10,Night
1362,40,Night
1363,30,Afternoon
1364,20,Night
1365,30,Afternoon
1366,40,Afternoon
1367,20,Night
1368,10,Night
1369,20,Night
1370,30,Afternoon
1371,10,Night
1372,30,Afternoon
1373,40,Night
1374,20,Morning
1375,40,Afternoon
1376,10,Morning
1377,10,Afternoon
1378,30,Night
1379,20,Afternoon
1380,40,Night
1381,10,Night
1382,40,Morning
1383,30,Night
1384,30,Night
1385,10,Afternoon
1386,40,Morning
1387,10,Night
1388,10,Night
1389,30,Afternoon
1390,10,Morning
1391,40,Night
1392,30,Night
1393,20,Afternoon
1394,20,Morning
1395,20,Afternoon
1396,20,Night
1397,30,Morning
1398,40,Morning
1399,10,Morning
1400,20,Morning
1401,10,Afternoon
1402,10,Morning
1403,20,Morning
1404,10,Night
1405,10,Morning
1406,30,Night
1407,30,Afternoon
1408,30,Afternoon
1409,20,Morning
1410,40,Night
1411,30,Morning
1412,10,Night
1413,30,Night
1414,20,Afternoon
1415,10,Morning
1416,40,Afternoon
1417,30,Night
1418,30,Night
1419,30,Night
1420,40,Morning
1421,20,Afternoon
1422,10,Night
1423,30,Morning
1424,10,Night
1425,30,Night
1426,30,Night
1427,10,Night
1428,40,Morning
1429,40,Afternoon
1430,40,Night
1431,40,Night
1432,30,Afternoon
1433,10,Morning
1434,20,Morning
1435,10,Morning
1436,40,Morning
1437,30,Morning
1438,10,Night
1439,20,Afternoon
1440,30,Afternoon
1441,20,Night
1442,20,Afternoon
1443,20,Morning
1444,30,Afternoon
1445,40,Night
1446,20,Afternoon
1447,20,Afternoon
1448,20,Afternoon
1449,30,Night
1450,10,Morning
1451,10,Afternoon
1452,20,Morning
1453,20,Night
1454,20,Night
1455,20,Morning
1456,30,Afternoon
1457,30,Morning
1458,20,Afternoon
1459,20,Night
1460,20,Afternoon
1461,20,Night
1462,40,Afternoon
1463,30,Night
1464,20,Morning
1465,10,Morning
1466,20,Morning
1467,10,Afternoon
1468,10,Night
1469,30,Night
1470,20,Afternoon
1471,30,Night
1472,30,Afternoon
1473,20,Night
1474,20,Night
1475,10,Afternoon
1476,40,Afternoon
1477,30,Morning
1478,40,Morning
1479,10,Afternoon
1480,10,Night
1481,10,Morning
1482,30,Afternoon
1483,30,Afternoon
1484,10,Morning
1485,20,Morning
1486,20,Night
1487,10,Morning
1488,20,Night
1489,10,Night
1490,10,Afternoon
1491,20,Afternoon
1492,30,Afternoon
1493,20,Night
1494,20,Afternoon
1495,40,Night
1496,40,Afternoon
1497,40,Afternoon
1498,30,Afternoon
1499,40,Night
1500,10,Morning
1501,20,Morning
1502,20,Morning
1503,40,Night
1504,40,Afternoon
1505,30,Morning
1506,30,Night
1507,40,Night
1508,20,Morning
1509,40,Morning
1510,10,Afternoon
1511,20,Morning
1512,30,Morning
1513,20,Night
1514,10,Afternoon
1515,30,Morning
1516,20,Afternoon
1517,30,Afternoon
1518,40,Morning
1519,20,Morning
1520,40,Morning
1521,40,Afternoon
1522,40,Night
1523,40,Morning
1524,30,Night
1525,40,Night
1526,20,Morning
1527,10,Night
1528,40,Night
1529,10,Afternoon
1530,10,Afternoon
1531,20,Afternoon
1532,20,Night
1533,30,Night
1534,20,Night
1535,20,Night
1536,40,Afternoon
1537,10,Night
1538,10,Afternoon
1539,10,Afternoon
1540,20,Night
1541,40,Afternoon
1542,40,Night
1543,20,Morning
1544,30,Night
1545,10,Night
1546,30,Afternoon
1547,40,Afternoon
1548,10,Afternoon
1549,30,Night
1550,10,Morning
1551,20,Morning
1552,10,Morning
1553,10,Morning
1554,20,Night
1555,30,Night
1556,10,Night
1557,10,Afternoon
1558,30,Afternoon
1559,10,Night
1560,40,Afternoon
1561,40,Morning
1562,30,Night
1563,30,Morning
1564,30,Night
1565,20,Afternoon
1566,30,Night
1567,30,Night
1568,40,Afternoon
1569,20,Morning
1570,40,Morning
1571,30,Afternoon
1572,20,Morning
1573,30,Morning
1574,10,Night
1575,20,Morning
1576,40,Afternoon
1577,40,Night
1578,40,Night
1579,40,Night
1580,20,Afternoon
1581,30,Afternoon
1582,10,Night
1583,20,Morning
1584,10,Afternoon
1585,40,Night
1586,30,Afternoon
1587,10,Morning
1588,30,Morning
1589,20,Night
1590,10,Afternoon
1591,20,Afternoon
1592,30,Night
1593,20,Night
1594,30,Night
1595,20,Night
1596,40,Morning
1597,40,Night
1598,10,Afternoon
1599,10,Night
1600,30,Afternoon
1601,10,Morning
1602,10,Afternoon
1603,10,Afternoon
1604,40,Afternoon
1605,10,Afternoon
1606,30,Night
1607,10,Morning
1608,20,Afternoon
1609,20,Morning
1610,20,Morning
1611,40,Night
1612,40,Afternoon
1613,30,Morning
1614,20,Afternoon
1615,20,Night
1616,10,Night
1617,40,Afternoon
1618,20,Night
1619,40,Night
1620,10,Afternoon
1621,10,Afternoon
1622,20,Afternoon
1623,40,Night
1624,10,Afternoon
1625,40,Night
1626,20,Afternoon
1627,10,Morning
1628,30,Night
1629,40,Morning
1630,10,Morning
1631,10,Night
1632,20,Night
1633,40,Afternoon
1634,20,Morning
1635,10,Afternoon
1636,30,Night
1637,10,Afternoon
1638,30,Morning
1639,40,Afternoon
1640,10,Night
1641,20,Afternoon
1642,20,Morning
1643,20,Afternoon
1644,40,Afternoon
1645,40,Morning
1646,30,Night
1647,30,Morning
1648,30,Morning
1649,40,Morning
1650,40,Afternoon
1651,10,Afternoon
1652,40,Night
1653,30,Morning
1654,10,Morning
1655,30,Night
1656,20,Afternoon
1657,40,Morning
1658,30,Afternoon
1659,20,Morning
1660,30,Morning
1661,10,Morning
1662,40,Night
1663,40,Morning
1664,10,Morning
1665,20,Night
1666,10,Morning
1667,20,Morning
1668,40,Afternoon
1669,30,Afternoon
1670,10,Afternoon
1671,10,Afternoon
1672,20,Night
1673,10,Night
1674,30,Night
1675,40,Night
1676,10,Night
1677,20,Night
1678,20,Night
1679,30,Afternoon
1680,10,Afternoon
1681,40,Morning
1682,40,Afternoon
1683,40,Afternoon
1684,30,Morning
1685,20,Morning
1686,30,Night
1687,40,Morning
1688,10,Night
1689,30,Night
1690,20,Afternoon
1691,10,Morning
1692,10,Morning
1693,30,Night
1694,10,Morning
1695,30,Morning
1696,40,Night
1697,10,Morning
1698,20,Night
1699,30,Night
1700,40,Afternoon
1701,40,Afternoon
1702,40,Morning
1703,30,Morning
1704,40,Morning
1705,30,Night
1706,20,Morning
1707,30,Afternoon
1708,20,Afternoon
1709,40,Afternoon
1710,10,Afternoon
1711,40,Night
1712,30,Morning
1713,30,Morning
1714,10,Afternoon
1715,40,Morning
1716,10,Afternoon
1717,20,Night
1718,40,Morning
1719,40,Night
1720,20,Night
1721,30,Night
1722,10,Morning
1723,30,Afternoon
1724,30,Night
1725,40,Morning
1726,30,Morning
1727,30,Night
1728,10,Morning
1729,20,Afternoon
1730,10,Afternoon
1731,10,Morning
1732,10,Afternoon
1733,30,Afternoon
1734,20,Afternoon
1735,40,Morning
1736,40,Afternoon
1737,30,Afternoon
1738,10,Morning
1739,20,Afternoon
1740,20,Morning
1741,20,Night
1742,40,Night
1743,10,Night
1744,20,Morning
1745,10,Night
1746,10,Night
1747,20,Night
1748,20,Morning
1749,20,Night
1750,10,Morning
1751,20,Morning
1752,40,Morning
1753,20,Afternoon
1754,40,Morning
1755,40,Night
1756,30,Night
1757,20,Night
1758,30,Morning
1759,10,Morning
1760,40,Night
1761,30,Morning
1762,10,Morning
1763,20,Afternoon
1764,10,Morning
1765,30,Morning
1766,10,Afternoon
1767,20,Morning
1768,10,Night
1769,10,Morning
1770,30,Morning
1771,30,Morning
1772,30,Night
1773,20,Night
1774,30,Night
1775,10,Morning
1776,10,Morning
1777,20,Night
1778,20,Afternoon
1779,30,Morning
1780,30,Night
1781,40,Morning
1782,10,Afternoon
1783,20,Night
1784,10,Afternoon
1785,10,Afternoon
1786,30,Morning
1787,40,Afternoon
1788,10,Morning
1789,30,Night
1790,40,Night
1791,10,Afternoon
1792,40,Night
1793,30,Morning
1794,30,Afternoon
1795,20,Night
1796,10,Night
1797,30,Morning
1798,10,Night
1799,20,Morning
1800,40,Morning
1801,30,Night
1802,30,Afternoon
1803,10,Afternoon
1804,30,Afternoon
1805,30,Afternoon
1806,40,Afternoon
1807,10,Afternoon
1808,40,Morning
1809,30,Afternoon
1810,20,Night
1811,40,Morning
1812,30,Afternoon
1813,40,Night
1814,30,Night
1815,30,Night
1816,40,Afternoon
1817,30,Night
1818,40,Morning
1819,10,Afternoon
1820,10,Night
1821,20,Morning
1822,20,Afternoon
1823,20,Morning
1824,30,Morning
1825,20,Afternoon
1826,20,Morning
1827,40,Morning
1828,10,Afternoon
1829,10,Afternoon
1830,10,Morning
1831,30,Afternoon
1832,20,Night
1833,30,Morning
1834,30,Night
1835,10,Night
1836,20,Night
1837,10,Afternoon
1838,40,Afternoon
1839,30,Night
1840,40,Night
1841,20,Morning
1842,30,Afternoon
1843,30,Night
1844,10,Afternoon
1845,20,Night
1846,20,Night
1847,10,Night
1848,20,Morning
1849,30,Night
1850,30,Morning
1851,20,Morning
1852,20,Afternoon
1853,30,Night
1854,20,Morning
1855,30,Morning
1856,10,Morning
1857,30,Afternoon
1858,40,Morning
1859,20,Afternoon
1860,10,Afternoon
1861,10,Morning
1862,40,Afternoon
1863,10,Afternoon
1864,20,Morning
1865,30,Morning
1866,10,Night
1867,20,Afternoon
1868,20,Afternoon
1869,20,Afternoon
1870,20,Afternoon
1871,30,Night
1872,40,Morning
1873,30,Afternoon
1874,10,Night
1875,20,Night
1876,10,Night
1877,30,Night
1878,30,Morning
1879,10,Afternoon
1880,20,Afternoon
1881,40,Afternoon
1882,40,Afternoon
1883,40,Afternoon
1884,10,Afternoon
1885,40,Afternoon
1886,10,Morning
1887,20,Afternoon
1888,40,Afternoon
1889,20,Night
1890,10,Morning
1891,30,Night
1892,20,Afternoon
1893,40,Night
1894,10,Afternoon
1895,10,Morning
1896,40,Afternoon
1897,10,Morning
1898,10,Afternoon
1899,20,Night
1900,10,Night
1901,40,Night
1902,30,Afternoon
1903,10,Afternoon
1904,40,Afternoon
1905,40,Night
1906,20,Afternoon
1907,20,Night
1908,40,Night
1909,40,Afternoon
1910,10,Afternoon
1911,30,Morning
1912,30,Night
1913,30,Morning
1914,40,Night
1915,40,Night
1916,20,Afternoon
1917,10,Morning
1918,30,Morning
1919,20,Afternoon
1920,30,Afternoon
1921,40,Afternoon
1922,30,Morning
1923,10,Afternoon
1924,20,Afternoon
1925,30,Morning
1926,30,Night
1927,30,Night
1928,30,Afternoon
1929,40,Morning
1930,30,Night
1931,30,Afternoon
1932,20,Afternoon
1933,40,Morning
1934,30,Morning
1935,40,Afternoon
1936,30,Night
1937,20,Night
1938,10,Afternoon
1939,30,Morning
1940,30,Morning
1941,30,Afternoon
1942,30,Night
1943,20,Afternoon
1944,40,Afternoon
1945,40,Afternoon
1946,30,Morning
1947,30,Afternoon
1948,40,Morning
1949,20,Afternoon
1950,10,Morning
1951,40,Night
1952,10,Afternoon
1953,20,Night
1954,30,Afternoon
1955,40,Night
1956,40,Morning
1957,10,Night
1958,20,Morning
1959,40,Afternoon
1960,40,Night
1961,20,Afternoon
1962,40,Night
1963,30,Night
1964,20,Morning
1965,40,Morning
1966,20,Morning
1967,10,Morning
1968,30,Afternoon
1969,40,Afternoon
1970,20,Morning
1971,10,Afternoon
1972,20,Morning
1973,20,Afternoon
1974,40,Afternoon
1975,20,Afternoon
1976,20,Morning
1977,40,Night
1978,40,Night
1979,10,Night
1980,30,Afternoon
1981,10,Night
1982,30,Morning
1983,10,Morning
1984,40,Afternoon
1985,10,Night
1986,30,Night
1987,40,Afternoon
1988,30,Afternoon
1989,10,Afternoon
1990,40,Afternoon
1991,10,Night
1992,40,Night
1993,10,Morning
1994,10,Morning
1995,30,Morning
1996,20,Morning
1997,30,Morning
1998,30,Night
1999,30,Night
2000,40,Morning
